zip_code,date,tempmax,tempmin,temp,feelslikemax,feelslikemin,feelslike,dew,humidity,precip,precipcover,snow,snowdepth,windgust,windspeed,pressure,cloudcover,visibility,solarradiation,solarenergy,uvindex,daylight,is_work_day
07310,2022-11-01,67.7,59.3,62.6,67.7,59.3,62.6,57.1,0.831,0.136,0.20829999999999999,0.0,0.0,15.7,8.3,1016.3,0.768,7.3,70.6,6.0,0.4,37550,1
07310,2022-11-02,70.2,56.3,62.2,70.2,56.3,62.2,47.1,0.598,0.0,0.0,0.0,0.0,23.0,10.2,1024.5,0.068,9.9,147.9,12.7,0.6,37407,1
07310,2022-11-03,67.3,51.2,58.4,67.3,51.2,58.4,45.7,0.643,0.0,0.0,0.0,0.0,10.3,4.6,1028.4,0.031,9.8,145.6,12.6,0.6,37266,1
07310,2022-11-04,70.9,51.9,60.7,70.9,51.9,60.7,53.8,0.792,0.0,0.0,0.0,0.0,18.8,6.9,1027.3,0.262,8.6,136.0,11.9,0.6,37127,1
07310,2022-11-05,76.1,64.2,68.5,76.1,64.2,68.5,59.9,0.746,0.0,0.0,0.0,0.0,28.0,8.1,1023.5,0.5920000000000001,9.9,112.3,9.7,0.5,36988,0
07310,2022-11-06,74.8,66.5,70.2,74.8,66.5,70.2,61.8,0.7490000000000001,0.0,0.0,0.0,0.0,26.4,7.5,1022.2,0.741,9.9,56.6,5.1,0.3,36851,0
07310,2022-11-07,77.0,57.5,70.8,77.0,57.5,70.8,46.1,0.488,0.003,0.0417,0.0,0.0,28.6,12.8,1022.1,0.28800000000000003,9.9,139.9,12.2,0.6,36716,1
07310,2022-11-08,58.3,47.3,52.4,58.3,43.4,51.2,24.6,0.35,0.0,0.0,0.0,0.0,31.1,12.6,1033.3,0.095,9.9,141.0,12.2,0.6,36583,1
07310,2022-11-09,53.3,39.6,47.1,53.3,34.4,44.7,28.9,0.501,0.0,0.0,0.0,0.0,21.1,13.9,1036.3,0.051,9.9,136.7,11.6,0.6,36451,1
07310,2022-11-10,67.0,46.6,56.2,67.0,45.5,55.9,45.4,0.679,0.0,0.0,0.0,0.0,16.6,8.1,1027.7,0.092,9.9,130.4,11.3,0.5,36321,1
07310,2022-11-11,68.8,58.7,63.9,68.8,58.7,63.9,59.8,0.867,0.838,0.4167,0.0,0.0,36.5,9.2,1014.4,0.961,7.1,28.5,2.5,0.2,36192,0
07310,2022-11-12,69.6,62.4,67.1,69.6,62.4,67.1,56.3,0.696,0.058,0.16670000000000001,0.0,0.0,34.7,13.4,1002.6,0.7490000000000001,9.2,105.4,9.0,0.6,36065,0
07310,2022-11-13,60.9,42.4,50.9,60.9,38.8,49.2,38.7,0.6409999999999999,0.043,0.2917,0.0,0.0,28.0,21.9,1012.0,0.7909999999999999,9.9,69.4,6.0,0.5,35940,0
07310,2022-11-14,44.9,37.5,41.0,42.2,30.0,35.9,23.1,0.491,0.0,0.0,0.0,0.0,24.2,14.0,1025.9,0.129,9.9,129.2,11.0,0.6,35817,1
07310,2022-11-15,45.6,35.5,40.1,42.8,29.8,35.2,27.2,0.609,0.413,0.20829999999999999,0.0,0.0,29.8,12.4,1028.6,0.7070000000000001,9.0,50.3,4.3,0.3,35697,1
07310,2022-11-16,50.3,39.8,44.5,50.3,32.9,39.5,35.9,0.737,0.407,0.375,0.0,0.0,31.1,13.3,1013.2,0.838,7.9,91.5,7.9,0.5,35577,1
07310,2022-11-17,45.5,38.0,40.5,39.8,31.0,34.8,24.4,0.53,0.0,0.0,0.0,0.0,26.7,14.9,1014.1,0.601,9.9,114.1,9.8,0.6,35461,1
07310,2022-11-18,43.9,33.5,38.8,41.0,28.1,33.3,21.5,0.511,0.0,0.0,0.0,0.0,31.5,17.2,1019.0,0.28300000000000003,9.9,114.2,9.8,0.5,35346,1
07310,2022-11-19,40.5,31.2,36.1,38.1,24.1,30.4,16.9,0.46,0.0,0.0,0.0,0.0,31.1,12.1,1021.3,0.046,9.9,116.4,10.0,0.5,35235,0
07310,2022-11-20,37.6,29.9,34.1,33.2,21.7,26.4,10.0,0.374,0.0,0.0,0.0,0.0,32.4,18.6,1020.0,0.18,9.9,121.3,10.5,0.5,35124,0
07310,2022-11-21,41.5,27.0,34.6,35.7,19.6,28.4,11.9,0.396,0.0,0.0,0.0,0.0,29.5,13.9,1028.4,0.06,9.9,113.5,9.8,0.5,35017,1
07310,2022-11-22,51.7,36.3,43.8,51.7,31.0,40.3,21.8,0.423,0.0,0.0,0.0,0.0,22.8,10.6,1025.7,0.061,9.9,115.4,9.9,0.5,34913,1
07310,2022-11-23,55.9,40.6,47.5,55.9,37.5,45.9,23.6,0.392,0.0,0.0,0.0,0.0,19.7,9.5,1023.3,0.015,9.9,112.7,9.7,0.5,34811,1
07310,2022-11-24,53.6,38.0,46.2,53.6,34.4,44.4,32.8,0.596,0.0,0.0,0.0,0.0,16.8,7.3,1027.2,0.134,9.9,107.5,9.2,0.5,34711,0
07310,2022-11-25,55.6,47.3,49.5,55.6,41.3,47.0,38.2,0.669,0.021,0.0833,0.0,0.0,31.6,15.1,1013.5,0.667,8.7,31.0,2.6,0.2,34615,0
07310,2022-11-26,57.1,42.8,49.4,57.1,37.8,46.9,26.1,0.406,0.0,0.0,0.0,0.0,36.8,13.9,1015.6,0.24600000000000002,9.9,114.8,9.8,0.5,34522,0
07310,2022-11-27,58.7,47.3,51.7,58.7,43.8,50.5,39.8,0.665,0.705,0.3333,0.0,0.0,27.7,15.0,1006.1,0.569,8.2,19.8,1.5,0.1,34430,0
07310,2022-11-28,55.1,42.4,50.2,55.1,38.3,48.9,37.9,0.629,0.0,0.0,0.0,0.0,37.4,16.6,1006.2,0.35600000000000004,9.9,72.0,6.0,0.4,34343,1
07310,2022-11-29,43.3,35.7,40.4,42.9,32.1,38.7,27.8,0.607,0.0,0.0,0.0,0.0,17.4,5.8,1024.1,0.496,9.9,48.8,4.0,0.2,34258,1
07310,2022-11-30,58.5,39.9,48.9,58.5,35.2,47.4,40.9,0.747,0.384,0.375,0.0,0.0,36.8,21.9,1013.7,0.812,8.5,7.5,0.7,0.0,34177,1
07310,2022-12-01,42.9,36.0,39.3,36.4,29.4,32.7,18.5,0.43,0.0,0.0,0.0,0.0,32.2,23.0,1023.1,0.31,9.8,78.5,6.6,0.4,34098,1
07310,2022-12-02,45.3,31.7,38.7,42.9,26.8,35.9,22.5,0.524,0.0,0.0,0.0,0.0,16.1,7.5,1032.4,0.105,9.9,104.9,9.0,0.5,34023,1
07310,2022-12-03,58.1,46.1,52.7,58.1,42.4,52.0,44.5,0.748,0.455,0.3333,0.0,0.0,35.4,18.3,1020.0,0.7809999999999999,8.6,7.5,0.7,0.0,33951,0
07310,2022-12-04,45.8,37.9,41.9,45.8,33.6,38.0,21.8,0.44799999999999995,0.0,0.0,0.0,0.0,32.2,11.8,1022.0,0.145,9.9,105.3,9.0,0.5,33884,0
07310,2022-12-05,47.7,34.3,41.3,46.6,32.7,39.6,23.3,0.504,0.0,0.0,0.0,0.0,10.5,8.6,1024.6,0.134,9.9,94.3,8.2,0.5,33818,1
07310,2022-12-06,57.3,40.5,50.5,57.3,36.6,49.5,45.7,0.836,0.67,0.5,0.0,0.0,31.3,8.9,1025.5,0.885,6.6,14.8,1.2,0.1,33757,1
07310,2022-12-07,58.7,55.4,57.2,58.7,55.4,57.2,55.1,0.927,0.373,0.375,0.0,0.0,28.9,11.1,1020.8,0.9520000000000001,4.9,15.5,1.3,0.1,33700,1
07310,2022-12-08,54.3,43.6,50.5,54.3,40.1,49.0,38.1,0.631,0.0,0.0,0.0,0.0,26.4,17.2,1022.5,0.272,9.9,61.9,5.4,0.3,33645,1
07310,2022-12-09,45.8,35.7,39.7,42.2,29.1,34.3,22.7,0.514,0.0,0.0,0.0,0.0,20.8,12.4,1025.2,0.040999999999999995,9.9,101.7,8.8,0.5,33595,1
07310,2022-12-10,39.8,31.2,36.2,35.8,23.0,30.4,21.4,0.55,0.0,0.0,0.0,0.0,20.8,10.8,1027.9,0.39299999999999996,9.9,85.6,7.4,0.5,33548,0
07310,2022-12-11,40.1,33.4,37.3,35.0,25.9,31.2,31.8,0.8059999999999999,0.299,0.4167,0.1,0.0,20.8,12.8,1022.9,0.9990000000000001,7.6,11.8,1.0,0.1,33506,0
07310,2022-12-12,38.3,29.3,33.7,31.8,21.7,27.0,26.9,0.764,0.018,0.0833,0.5,0.0,19.5,10.7,1021.4,0.6859999999999999,8.9,62.3,5.4,0.4,33467,1
07310,2022-12-13,40.7,25.6,32.0,40.7,18.1,27.2,17.9,0.574,0.0,0.0,0.0,0.0,15.0,8.4,1024.3,0.031,9.9,101.6,8.8,0.5,33432,1
07310,2022-12-14,38.8,31.1,34.3,36.2,22.8,27.4,17.3,0.503,0.0,0.0,0.0,0.0,24.2,13.9,1020.6,0.151,9.9,97.0,8.3,0.5,33401,1
07310,2022-12-15,42.4,32.9,37.8,37.6,25.8,31.4,30.5,0.753,0.528,0.4167,0.0,0.0,32.2,14.3,1020.7,0.688,8.6,12.7,1.0,0.1,33374,1
07310,2022-12-16,44.6,38.5,42.0,38.5,30.5,35.5,39.3,0.9009999999999999,0.797,0.9167000000000001,0.0,0.0,32.4,17.2,1004.3,1.0,5.1,18.9,1.8,0.1,33351,1
07310,2022-12-17,44.9,37.1,40.4,38.9,30.9,34.6,27.3,0.61,0.0,0.0,0.0,0.0,26.4,13.3,1006.6,0.6809999999999999,9.9,64.5,5.5,0.4,33332,0
07310,2022-12-18,40.1,33.2,36.2,36.0,22.3,29.9,20.8,0.537,0.0,0.0,0.0,0.0,20.8,17.2,1013.2,0.39299999999999996,9.9,86.2,7.5,0.4,33316,0
07310,2022-12-19,38.8,30.8,34.0,32.2,20.9,26.7,19.0,0.542,0.0,0.0,0.0,0.0,27.0,13.9,1022.6,0.272,9.9,90.7,7.9,0.5,33306,1
07310,2022-12-20,39.5,31.1,34.5,35.2,23.8,28.5,18.9,0.531,0.0,0.0,0.0,0.0,20.8,15.0,1028.8,0.107,9.9,101.5,8.7,0.5,33298,1
07310,2022-12-21,40.5,27.8,33.8,40.5,21.2,32.1,20.6,0.589,0.0,0.0,0.0,0.0,9.2,6.6,1031.9,0.15,9.9,96.7,8.3,0.4,33296,1
07310,2022-12-22,45.8,33.7,39.8,40.5,28.2,34.8,33.7,0.792,0.218,0.375,0.0,0.0,26.8,15.3,1024.7,0.7390000000000001,8.7,17.4,1.5,0.1,33297,1
07310,2022-12-23,57.2,9.0,38.0,57.2,-8.9,30.5,30.6,0.754,1.093,0.5,0.1,0.0,43.6,30.0,993.1,0.8809999999999999,7.5,18.3,1.8,0.1,33303,1
07310,2022-12-24,15.2,7.3,11.3,3.5,-12.2,-4.3,-6.0,0.45,0.0,0.0,0.0,0.0,33.3,20.7,1009.0,0.22,9.9,88.2,7.6,0.4,33311,0
07310,2022-12-25,27.8,14.0,20.9,18.3,-1.5,9.6,4.3,0.486,0.0,0.0,0.0,0.0,28.7,15.1,1013.4,0.105,9.9,99.1,8.6,0.5,33325,0
07310,2022-12-26,29.0,18.3,24.2,22.3,5.3,14.8,6.6,0.467,0.0,0.0,0.0,0.0,25.3,17.2,1022.3,0.27,9.9,96.0,8.3,0.5,33343,0
07310,2022-12-27,34.6,28.8,31.7,34.6,19.9,25.6,13.2,0.461,0.0,0.0,0.0,0.0,17.2,10.3,1025.0,0.983,9.9,61.5,5.2,0.4,33365,1
07310,2022-12-28,47.5,32.7,39.8,45.0,26.3,36.1,21.6,0.49,0.0,0.0,0.0,0.0,23.0,16.1,1025.9,0.365,9.9,95.9,8.3,0.5,33390,1
07310,2022-12-29,50.5,38.9,44.6,50.5,34.1,41.4,25.9,0.479,0.0,0.0,0.0,0.0,19.7,8.9,1025.6,0.193,9.9,84.7,7.3,0.4,33419,1
07310,2022-12-30,62.1,45.7,51.5,62.1,42.3,50.8,33.1,0.498,0.0,0.0,0.0,0.0,12.8,6.6,1024.4,0.247,9.5,95.3,8.4,0.4,33453,1
07310,2022-12-31,54.8,49.8,52.2,54.8,48.2,52.1,49.0,0.89,0.259,0.375,0.0,0.0,11.4,6.4,1015.6,0.915,4.4,14.1,1.1,0.1,33490,0
07310,2023-01-01,54.8,49.2,51.9,54.8,46.2,51.8,40.3,0.6679999999999999,0.009,0.0417,0.0,0.0,18.3,12.5,1012.3,0.408,9.1,96.4,8.4,0.4,33532,0
07310,2023-01-02,56.5,45.7,51.9,56.5,43.1,51.3,40.2,0.648,0.031,0.125,0.0,0.0,9.2,7.2,1019.3,0.574,9.5,43.8,3.6,0.3,33578,0
07310,2023-01-03,56.1,47.8,52.1,56.1,47.8,52.0,48.9,0.889,0.424,0.2917,0.0,0.0,13.9,7.8,1014.4,0.905,5.3,16.2,1.5,0.1,33626,1
07310,2023-01-04,65.9,51.4,58.2,65.9,51.4,58.2,52.4,0.8140000000000001,0.021,0.125,0.0,0.0,15.0,8.6,1009.9,0.688,8.2,59.1,5.1,0.3,33679,1
07310,2023-01-05,50.8,45.8,48.8,50.8,41.6,47.0,46.0,0.904,0.009,0.0417,0.0,0.0,9.2,8.0,1013.4,1.0,5.9,26.9,2.3,0.1,33736,1
07310,2023-01-06,47.9,40.1,44.9,45.2,34.9,41.9,38.4,0.789,0.284,0.2917,0.0,0.0,31.1,10.0,1015.6,0.927,7.8,31.3,2.8,0.2,33796,1
07310,2023-01-07,44.6,37.1,40.6,40.1,31.2,35.6,28.5,0.622,0.0,0.0,0.0,0.0,23.0,10.5,1020.8,0.465,9.9,50.8,4.4,0.3,33860,0
07310,2023-01-08,41.3,33.7,37.5,40.1,28.1,33.9,22.2,0.542,0.0,0.0,0.0,0.0,16.1,8.9,1024.4,0.2,9.9,86.4,7.4,0.4,33927,0
07310,2023-01-09,44.9,37.4,40.1,40.3,33.0,36.9,27.5,0.622,0.008,0.0833,0.0,0.0,24.2,11.3,1014.2,0.479,9.4,97.0,8.2,0.5,33997,1
07310,2023-01-10,41.3,37.2,39.5,41.3,31.5,36.1,25.0,0.5589999999999999,0.0,0.0,0.0,0.0,16.1,8.1,1016.7,0.877,9.8,23.5,1.9,0.1,34072,1
07310,2023-01-11,39.5,35.3,37.9,37.9,27.7,33.2,23.1,0.55,0.0,0.0,0.0,0.0,18.3,10.3,1023.2,0.853,9.9,47.2,4.0,0.2,34149,1
07310,2023-01-12,54.5,37.6,45.4,54.5,32.7,43.2,40.1,0.82,0.186,0.375,0.0,0.0,32.2,9.0,1017.4,0.9990000000000001,8.4,16.2,1.5,0.1,34231,1
07310,2023-01-13,56.8,38.9,49.6,56.8,29.2,46.9,41.8,0.75,0.146,0.16670000000000001,0.0,0.0,36.9,20.8,1002.3,0.883,9.3,26.5,2.1,0.2,34315,1
07310,2023-01-14,38.0,32.3,34.6,31.7,22.1,26.0,22.7,0.614,0.0,0.0,0.0,0.0,31.1,21.9,1009.6,0.998,9.3,44.1,3.8,0.2,34402,0
07310,2023-01-15,42.1,30.5,35.0,36.0,19.2,26.4,17.3,0.49700000000000005,0.0,0.0,0.0,0.0,32.2,18.3,1015.4,0.405,9.9,111.7,9.7,0.5,34493,0
07310,2023-01-16,48.5,29.0,36.9,45.1,19.5,30.5,10.1,0.344,0.0,0.0,0.0,0.0,24.2,14.7,1012.0,0.248,9.9,116.6,10.1,0.5,34586,0
07310,2023-01-17,47.0,34.9,41.8,47.0,30.2,39.4,15.3,0.34299999999999997,0.0,0.0,0.0,0.0,18.3,7.1,1006.0,0.667,9.9,49.8,4.3,0.2,34682,1
07310,2023-01-18,53.1,43.2,47.9,53.1,38.9,45.3,33.9,0.589,0.043,0.0833,0.0,0.0,29.0,16.3,1008.7,0.595,9.7,73.5,6.4,0.4,34782,1
07310,2023-01-19,44.5,40.5,41.8,43.6,36.0,39.1,35.9,0.804,0.835,0.625,0.0,0.0,18.3,8.3,1012.3,0.737,6.6,10.0,0.6,0.0,34883,1
07310,2023-01-20,49.1,40.5,44.3,44.0,37.9,40.4,34.3,0.695,0.0,0.0,0.0,0.0,27.5,16.3,1005.3,0.878,9.6,60.0,5.1,0.4,34988,1
07310,2023-01-21,42.8,37.4,39.3,39.2,29.5,34.6,24.9,0.56,0.0,0.0,0.0,0.0,31.1,15.4,1019.4,0.988,9.9,39.7,3.6,0.2,35095,0
07310,2023-01-22,42.2,36.3,38.8,42.2,30.5,35.6,27.4,0.6459999999999999,0.347,0.2917,0.0,0.0,13.9,10.1,1018.6,0.914,8.4,47.0,4.2,0.3,35206,0
07310,2023-01-23,39.5,36.3,38.0,39.2,27.7,31.3,32.8,0.8220000000000001,0.526,0.7082999999999999,0.0,0.0,29.8,17.7,1004.0,0.996,7.0,21.0,1.8,0.1,35318,1
07310,2023-01-24,46.0,35.3,39.9,40.5,27.6,34.4,23.1,0.511,0.0,0.0,0.0,0.0,28.0,16.9,1019.7,0.674,9.9,113.5,9.9,0.6,35433,1
07310,2023-01-25,54.5,35.7,40.6,54.5,30.1,37.3,30.5,0.688,0.761,0.4167,0.0,0.0,28.9,14.3,1019.3,0.596,7.7,24.4,2.1,0.1,35550,1
07310,2023-01-26,56.3,41.0,46.4,56.3,34.1,41.6,34.1,0.637,0.48,0.16670000000000001,0.0,0.0,38.6,18.3,1002.8,0.902,9.2,37.4,3.3,0.1,35669,1
07310,2023-01-27,41.5,35.2,38.5,37.3,30.3,33.9,23.4,0.5479999999999999,0.0,0.0,0.0,0.0,20.8,12.4,1018.2,0.391,9.9,68.8,5.9,0.3,35790,1
07310,2023-01-28,51.9,36.1,44.1,51.9,30.4,40.7,23.9,0.452,0.02,0.0417,0.0,0.0,59.7,13.4,1023.7,0.302,9.9,106.9,9.3,0.5,35914,0
07310,2023-01-29,52.1,42.7,47.2,52.1,40.4,45.7,30.8,0.534,0.0,0.0,0.0,0.0,27.4,9.8,1023.2,0.406,9.9,41.0,3.5,0.2,36040,0
07310,2023-01-30,54.9,41.9,47.2,54.9,39.3,45.6,35.7,0.647,0.0,0.0,0.0,0.0,10.3,8.6,1020.6,0.266,9.9,108.0,9.3,0.5,36168,1
07310,2023-01-31,47.8,33.5,38.9,46.0,24.6,34.8,26.5,0.625,0.027,0.16670000000000001,0.0,0.0,49.4,12.1,1021.9,0.992,9.7,36.2,3.1,0.2,36298,1
07310,2023-02-01,40.0,28.3,33.5,34.1,19.4,27.4,16.5,0.518,0.008,0.125,0.2,0.0,29.8,11.8,1024.4,0.509,9.6,130.2,11.1,0.6,36429,1
07310,2023-02-02,40.5,29.5,34.8,34.3,24.5,29.0,13.9,0.425,0.007,0.0417,0.0,0.0,54.1,12.9,1020.0,0.079,9.9,136.6,11.6,0.6,36562,1
07310,2023-02-03,35.2,13.4,25.4,28.3,2.0,16.2,5.6,0.429,0.013,0.0417,0.0,0.0,39.3,13.3,1016.9,0.35100000000000003,9.9,148.1,12.7,0.6,36697,1
07310,2023-02-04,26.8,6.8,16.5,17.5,-8.7,5.8,-2.9,0.423,0.0,0.0,0.0,0.0,37.8,15.7,1034.2,0.207,9.9,146.0,12.6,0.6,36833,0
07310,2023-02-05,48.9,26.8,38.4,48.9,17.6,33.8,20.9,0.503,0.0,0.0,0.0,0.0,41.4,10.8,1022.4,0.096,9.9,115.8,10.0,0.5,36972,0
07310,2023-02-06,52.9,36.6,44.0,52.9,32.1,41.7,29.1,0.565,0.014,0.0833,0.0,0.0,39.7,11.5,1017.0,0.44,9.9,105.8,9.2,0.6,37111,1
07310,2023-02-07,42.0,31.8,37.1,38.4,24.5,32.0,24.4,0.602,0.004,0.0417,0.0,0.0,44.7,13.6,1025.5,0.205,9.9,102.0,8.8,0.5,37252,1
07310,2023-02-08,55.3,38.3,46.1,55.3,33.7,43.8,29.4,0.552,0.017,0.125,0.0,0.0,41.4,9.8,1022.4,0.168,9.6,148.3,12.8,0.6,37394,1
07310,2023-02-09,53.4,39.8,46.7,53.4,38.3,45.7,36.3,0.675,0.0,0.0,0.0,0.0,43.9,8.3,1021.1,0.6659999999999999,9.8,30.9,2.6,0.1,37538,1
07310,2023-02-10,59.2,46.4,54.7,59.2,42.4,54.0,36.7,0.53,0.0,0.0,0.0,0.0,42.5,13.1,1012.0,0.20199999999999999,9.8,151.7,13.0,0.6,37683,1
07310,2023-02-11,47.8,37.8,42.4,45.0,31.5,38.5,20.0,0.41,0.0,0.0,0.0,0.0,31.0,11.3,1023.7,0.122,9.9,159.8,13.6,0.6,37829,0
07310,2023-02-12,46.6,36.5,41.5,46.6,32.6,38.6,24.4,0.511,0.007,0.0417,0.0,0.0,18.9,13.5,1018.0,0.287,9.9,69.9,6.0,0.3,37977,0
07310,2023-02-13,57.1,40.9,48.3,57.1,34.1,46.0,19.1,0.326,0.013,0.0417,0.0,0.0,41.4,14.9,1003.2,0.41600000000000004,9.9,152.5,12.9,0.6,38125,1
07310,2023-02-14,55.0,41.9,48.1,55.0,38.3,46.9,23.0,0.376,0.0,0.0,0.0,0.0,36.7,10.2,1016.3,0.024,9.9,169.3,14.7,0.7,38275,1
07310,2023-02-15,65.1,45.8,54.7,65.1,43.4,54.1,35.1,0.48100000000000004,0.007,0.0417,0.0,0.0,45.7,13.0,1017.2,0.14800000000000002,9.9,100.5,8.5,0.5,38425,1
07310,2023-02-16,64.0,53.4,57.4,64.0,53.4,57.4,43.4,0.611,0.056,0.16670000000000001,0.0,0.0,24.2,9.1,1014.7,0.396,9.7,74.2,6.4,0.4,38576,1
07310,2023-02-17,61.3,33.8,51.1,61.3,27.0,49.2,43.4,0.755,0.152,0.2917,0.0,0.0,35.8,12.2,1005.7,0.8340000000000001,8.8,19.9,1.7,0.1,38728,1
07310,2023-02-18,44.1,28.7,36.3,38.6,22.9,30.1,16.0,0.441,0.007,0.0417,0.0,0.0,44.7,11.3,1025.4,0.248,9.9,177.8,15.3,0.7,38882,0
07310,2023-02-19,49.1,37.1,42.5,45.4,31.1,38.7,29.1,0.594,0.0,0.0,0.0,0.0,24.2,15.0,1024.3,0.09300000000000001,9.9,107.5,9.1,0.4,39036,0
07310,2023-02-20,61.2,45.3,51.1,61.2,41.3,49.3,37.8,0.64,0.0,0.0,0.0,0.0,29.7,14.3,1007.2,0.397,9.8,95.4,8.4,0.6,39191,0
07310,2023-02-21,50.6,37.9,42.9,50.6,29.9,39.5,34.9,0.742,0.132,0.375,0.0,0.0,19.7,13.2,1005.0,0.737,9.3,47.1,4.1,0.3,39346,1
07310,2023-02-22,43.2,37.8,40.3,42.9,30.4,36.8,27.6,0.621,0.114,0.20829999999999999,0.0,0.0,41.4,12.0,1018.2,0.594,9.6,50.0,4.1,0.3,39503,1
07310,2023-02-23,43.2,38.8,40.4,38.8,30.6,34.6,37.1,0.88,0.007,0.0833,0.0,0.0,20.8,13.9,1013.3,1.0,8.5,40.0,3.3,0.2,39659,1
07310,2023-02-24,46.4,28.5,40.9,43.6,22.5,36.6,24.7,0.563,0.0,0.0,0.0,0.0,37.3,11.3,1022.8,0.46799999999999997,8.4,141.4,12.3,0.6,39816,1
07310,2023-02-25,33.2,24.5,28.8,31.8,16.9,23.6,15.9,0.583,0.0,0.0,0.1,0.0,18.3,7.4,1029.3,0.5820000000000001,9.8,68.9,6.1,0.2,39974,0
07310,2023-02-26,51.7,30.1,38.6,51.7,23.0,34.0,26.3,0.625,0.026,0.0417,0.0,0.0,27.0,14.1,1013.3,0.287,9.5,100.5,8.7,0.6,40134,0
07310,2023-02-27,44.1,34.5,38.7,42.6,26.1,34.0,22.8,0.541,0.071,0.20829999999999999,0.0,0.1,25.4,13.5,1013.4,0.36700000000000005,9.2,166.5,14.3,0.7,40292,1
07310,2023-02-28,37.8,33.3,35.6,36.8,22.7,29.3,33.5,0.9209999999999999,0.144,0.625,3.6,2.5,26.8,18.2,1008.1,0.847,7.1,33.0,2.7,0.1,40452,1
07310,2023-03-01,43.4,34.9,40.1,40.0,29.4,35.2,31.0,0.7070000000000001,0.008,0.0833,0.0,0.8,21.9,11.4,1018.8,0.531,9.4,134.3,11.7,0.7,40612,1
07310,2023-03-02,53.6,40.1,45.1,53.6,34.1,42.3,36.5,0.75,0.0,0.0,0.0,0.0,33.0,10.9,1007.0,0.635,6.4,80.8,7.1,0.5,40773,1
07310,2023-03-03,46.1,37.6,41.2,46.1,32.2,37.0,27.4,0.591,0.071,0.16670000000000001,0.0,0.0,35.6,17.5,1015.2,0.42,9.8,112.6,9.7,0.6,40933,1
07310,2023-03-04,46.5,39.8,42.7,45.0,32.4,37.8,36.8,0.802,0.588,0.4167,0.0,0.0,38.8,25.3,1002.3,0.991,8.4,70.9,6.1,0.4,41094,0
07310,2023-03-05,53.5,38.8,45.2,53.5,34.6,42.6,28.4,0.525,0.0,0.0,0.0,0.0,28.1,10.6,1019.7,0.502,9.9,154.7,13.4,0.7,41256,0
07310,2023-03-06,53.2,39.9,46.6,53.2,35.0,44.6,22.4,0.402,0.0,0.0,0.0,0.0,45.9,10.0,1018.6,0.226,9.9,177.3,15.3,0.6,41418,1
07310,2023-03-07,48.2,33.9,40.3,44.1,27.9,35.4,21.3,0.505,0.063,0.3333,0.8,0.2,42.5,16.8,1011.1,0.667,9.3,199.2,17.3,0.8,41580,1
07310,2023-03-08,48.6,31.7,39.5,46.3,25.1,34.7,22.4,0.507,0.0,0.0,0.0,0.0,33.3,11.3,1020.3,0.195,9.9,213.0,18.3,0.8,41742,1
07310,2023-03-09,53.2,34.3,42.3,53.2,26.5,38.7,25.7,0.526,0.013,0.0417,0.0,0.0,34.7,11.2,1021.6,0.155,9.9,218.5,18.8,0.8,41904,1
07310,2023-03-10,45.0,37.0,41.1,44.9,30.3,37.1,30.8,0.6679999999999999,0.094,0.20829999999999999,0.0,0.0,41.4,9.7,1014.8,0.64,9.6,79.0,6.7,0.4,42066,1
07310,2023-03-11,44.5,36.5,40.6,40.5,31.2,35.5,34.3,0.792,0.147,0.5,0.0,0.0,25.3,11.5,1008.2,0.972,9.2,64.8,5.7,0.4,42229,0
07310,2023-03-12,47.0,34.8,40.5,44.7,29.3,36.7,26.9,0.594,0.0,0.0,0.0,0.0,31.1,7.9,1016.5,0.17,9.9,155.2,12.9,0.5,42393,0
07310,2023-03-13,44.3,39.2,41.6,40.8,34.1,37.1,37.9,0.867,0.43,0.8332999999999999,0.0,0.0,26.4,13.9,1011.9,1.0,5.4,35.3,2.9,0.1,42555,1
07310,2023-03-14,39.5,33.2,35.7,37.3,23.7,27.5,30.0,0.8,0.298,0.4167,0.7,0.0,32.9,19.2,1001.0,0.981,5.9,56.7,4.8,0.3,42719,1
07310,2023-03-15,45.1,34.3,38.7,38.1,24.1,30.0,19.7,0.47,0.0,0.0,0.0,0.0,41.3,22.1,1009.0,0.267,9.9,214.9,18.7,0.8,42882,1
07310,2023-03-16,58.7,34.8,45.6,58.7,27.9,42.5,13.7,0.278,0.0,0.0,0.0,0.0,26.4,10.2,1015.8,0.134,9.9,194.8,16.7,0.8,43045,1
07310,2023-03-17,59.0,47.1,52.9,59.0,45.5,52.8,28.1,0.389,0.0,0.0,0.0,0.0,25.3,12.6,1006.7,0.537,9.9,128.8,11.2,0.6,43209,1
07310,2023-03-18,56.7,43.2,49.1,56.7,39.2,47.1,26.7,0.43799999999999994,0.007,0.0833,0.0,0.0,48.0,17.4,1005.9,0.42700000000000005,9.9,227.6,19.7,0.8,43372,0
07310,2023-03-19,43.1,30.6,36.8,37.3,22.1,29.9,12.0,0.359,0.0,0.0,0.0,0.0,29.9,17.5,1016.0,0.22699999999999998,9.9,255.8,22.1,0.9,43536,0
07310,2023-03-20,50.6,31.8,40.9,50.6,25.1,36.5,18.2,0.406,0.0,0.0,0.0,0.0,30.5,10.6,1024.9,0.009000000000000001,9.9,239.8,20.6,0.8,43699,1
07310,2023-03-21,62.2,38.2,50.2,62.2,34.2,48.4,19.4,0.322,0.0,0.0,0.0,0.0,35.7,13.4,1027.4,0.033,9.9,244.9,21.1,0.8,43862,1
07310,2023-03-22,60.6,45.4,51.3,60.6,42.2,50.3,31.0,0.479,0.0,0.0,0.0,0.0,34.4,8.3,1026.6,0.282,9.9,195.6,16.9,0.8,44026,1
07310,2023-03-23,58.0,47.5,52.7,58.0,45.3,52.6,47.4,0.8270000000000001,0.026,0.125,0.0,0.0,53.9,10.4,1013.8,0.659,8.8,59.7,5.1,0.2,44189,1
07310,2023-03-24,57.7,44.1,49.7,57.7,39.4,48.7,31.7,0.505,0.0,0.0,0.0,0.0,43.6,8.8,1014.2,0.387,9.9,119.4,10.4,0.5,44352,1
07310,2023-03-25,47.3,42.9,44.1,42.9,35.1,37.8,35.9,0.745,0.051,0.3333,0.0,0.0,29.8,18.3,1013.8,0.7959999999999999,8.1,16.1,1.4,0.1,44515,0
07310,2023-03-26,62.8,43.8,52.6,62.8,39.3,51.4,31.4,0.526,0.0,0.0,0.0,0.0,27.3,13.8,1011.5,0.268,8.3,255.3,21.8,0.9,44678,0
07310,2023-03-27,57.9,44.8,50.7,57.9,39.0,49.2,29.2,0.47,0.088,0.16670000000000001,0.0,0.0,20.8,12.7,1016.1,0.42100000000000004,9.7,173.8,15.1,0.8,44840,1
07310,2023-03-28,51.9,43.6,47.1,51.9,39.0,45.5,33.0,0.609,0.001,0.0417,0.0,0.0,43.6,9.2,1018.0,0.857,9.9,116.2,10.0,0.5,45003,1
07310,2023-03-29,55.1,41.3,46.6,55.1,36.7,44.0,24.1,0.43,0.0,0.0,0.0,0.0,34.3,10.3,1019.8,0.049,9.9,252.5,21.9,0.9,45166,1
07310,2023-03-30,47.8,32.4,40.6,46.1,25.6,36.1,16.4,0.39899999999999997,0.003,0.0417,0.0,0.0,47.0,10.2,1024.5,0.163,9.9,267.1,22.9,0.9,45327,1
07310,2023-03-31,54.3,38.8,46.0,54.3,34.8,43.9,30.2,0.547,0.0,0.0,0.0,0.0,35.6,11.3,1023.2,0.639,9.9,139.1,12.0,0.6,45489,1
07310,2023-04-01,68.9,54.7,59.8,68.9,54.7,59.8,49.6,0.71,0.109,0.375,0.0,0.0,39.1,15.1,1000.7,0.79,9.5,120.3,10.2,0.7,45651,0
07310,2023-04-02,53.2,41.6,48.0,53.2,36.1,45.8,20.1,0.36200000000000004,0.006,0.0417,0.0,0.0,39.4,10.6,1011.3,0.285,9.9,275.2,24.0,0.9,45812,0
07310,2023-04-03,57.6,39.8,48.6,57.6,34.9,46.6,28.1,0.456,0.0,0.0,0.0,0.0,33.2,12.7,1019.4,0.034,9.8,253.0,21.9,0.9,45973,1
07310,2023-04-04,70.2,48.2,59.2,70.2,45.3,58.8,48.6,0.6890000000000001,0.0,0.0,0.0,0.0,36.7,6.6,1016.9,0.239,9.7,234.5,20.1,0.8,46134,1
07310,2023-04-05,56.3,47.3,51.1,56.3,43.3,49.7,48.5,0.9109999999999999,0.0,0.0,0.0,0.0,27.1,17.1,1022.7,0.919,5.5,42.6,3.6,0.1,46293,1
07310,2023-04-06,76.7,47.3,59.2,76.7,43.7,58.5,49.9,0.742,0.0,0.0,0.0,0.0,47.2,9.6,1019.9,0.8029999999999999,5.7,143.4,12.5,0.6,46453,1
07310,2023-04-07,61.6,46.2,54.2,61.6,43.8,53.9,22.7,0.301,0.0,0.0,0.0,0.0,33.0,11.3,1026.4,0.414,9.9,89.8,7.7,0.3,46612,1
07310,2023-04-08,52.1,38.0,45.4,52.1,32.2,43.1,19.4,0.358,0.0,0.0,0.0,0.0,18.3,10.3,1031.7,0.182,9.9,228.1,19.8,0.8,46771,0
07310,2023-04-09,55.0,41.7,47.0,55.0,38.9,45.5,27.4,0.47200000000000003,0.0,0.0,0.0,0.0,25.3,14.5,1032.4,0.078,9.9,279.4,24.1,0.9,46930,0
07310,2023-04-10,64.9,41.5,52.5,64.9,37.9,51.3,31.8,0.485,0.0,0.0,0.0,0.0,43.6,10.2,1030.0,0.015,9.9,277.4,23.8,0.9,47088,1
07310,2023-04-11,72.2,48.8,61.4,72.2,47.2,61.3,28.9,0.315,0.0,0.0,0.0,0.0,31.1,16.0,1020.0,0.063,9.9,237.3,20.5,0.9,47246,1
07310,2023-04-12,84.5,63.6,73.3,81.5,63.6,72.5,35.7,0.26,0.0,0.0,0.0,0.0,32.9,11.3,1010.6,0.067,9.9,256.6,22.3,0.9,47403,1
07310,2023-04-13,85.4,66.6,77.1,82.5,66.6,76.1,43.0,0.304,0.0,0.0,0.0,0.0,35.6,12.0,1010.6,0.009000000000000001,9.9,279.3,24.2,0.9,47558,1
07310,2023-04-14,90.3,65.5,78.6,86.5,65.5,77.4,43.0,0.295,0.0,0.0,0.0,0.0,20.8,11.4,1010.8,0.17300000000000001,9.9,269.5,23.4,0.9,47714,1
07310,2023-04-15,74.3,60.2,67.3,74.3,60.2,67.3,57.8,0.731,0.041,0.16670000000000001,0.0,0.0,13.9,9.2,1012.0,0.6829999999999999,9.3,168.4,14.5,0.8,47869,0
07310,2023-04-16,69.4,56.5,62.4,69.4,56.5,62.4,55.9,0.802,0.0,0.0,0.0,0.0,37.8,9.9,1009.9,0.8059999999999999,7.6,193.9,16.8,0.7,48023,0
07310,2023-04-17,66.4,53.9,58.5,66.4,53.9,58.5,47.1,0.7190000000000001,0.003,0.0417,0.0,0.0,35.6,17.2,1003.3,0.8490000000000001,7.6,123.0,10.7,0.8,48177,1
07310,2023-04-18,57.2,47.0,52.5,57.2,42.2,51.7,29.9,0.42200000000000004,0.0,0.0,0.0,0.0,33.3,23.0,1007.7,0.486,9.9,125.8,11.0,0.5,48330,1
07310,2023-04-19,64.9,45.3,52.8,64.9,41.9,51.1,29.8,0.42700000000000005,0.0,0.0,0.0,0.0,25.3,14.6,1016.8,0.493,9.9,241.5,21.0,0.9,48482,1
07310,2023-04-20,63.8,46.9,54.2,63.8,43.5,53.3,35.7,0.507,0.0,0.0,0.0,0.0,11.4,10.3,1022.2,0.19699999999999998,9.9,247.6,21.3,0.9,48634,1
07310,2023-04-21,68.3,51.4,58.9,68.3,51.4,58.9,45.4,0.62,0.0,0.0,0.0,0.0,21.9,10.9,1018.5,0.331,9.8,270.0,23.5,0.9,48784,1
07310,2023-04-22,67.4,51.9,58.3,67.4,51.9,58.3,52.0,0.8029999999999999,0.184,0.125,0.0,0.0,25.3,13.3,1014.0,0.765,8.8,220.5,19.1,0.8,48934,0
07310,2023-04-23,67.2,55.1,59.2,67.2,55.1,59.2,48.2,0.711,1.325,0.4583,0.0,0.0,32.9,12.5,1010.9,0.858,7.4,179.4,15.5,1.0,49083,0
07310,2023-04-24,61.6,45.8,53.6,61.6,43.1,53.1,33.1,0.479,0.0,0.0,0.0,0.0,26.2,8.7,1017.2,0.35100000000000003,9.9,248.2,21.6,1.0,49230,1
07310,2023-04-25,58.4,47.4,53.6,58.4,45.2,53.2,33.4,0.47,0.0,0.0,0.0,0.0,39.1,7.8,1021.1,0.555,9.9,179.5,15.4,0.8,49377,1
07310,2023-04-26,57.4,48.5,53.2,57.4,45.5,52.8,38.4,0.58,0.0,0.0,0.0,0.0,33.3,9.0,1023.4,0.562,9.9,206.3,17.8,0.8,49523,1
07310,2023-04-27,56.8,51.3,53.4,56.8,51.3,53.4,44.6,0.722,0.0,0.0,0.0,0.0,40.3,7.6,1023.0,0.784,9.8,80.4,7.1,0.4,49667,1
07310,2023-04-28,55.2,48.5,51.9,55.2,43.0,51.3,42.4,0.711,0.062,0.125,0.0,0.0,24.2,14.5,1021.0,0.546,9.5,77.1,6.5,0.3,49811,1
07310,2023-04-29,53.3,48.1,50.6,53.3,42.1,48.8,49.0,0.9440000000000001,1.953,1.0,0.0,0.0,27.5,15.6,1012.5,1.0,3.1,38.0,3.4,0.2,49953,0
07310,2023-04-30,60.2,50.3,54.6,60.2,50.3,54.6,53.2,0.9470000000000001,2.14,0.5,0.0,0.0,26.4,13.6,999.5,1.0,2.9,42.8,3.6,0.2,50094,0
07310,2023-05-01,61.0,49.7,56.3,61.0,44.7,55.7,41.2,0.594,0.039,0.16670000000000001,0.0,0.0,36.8,17.5,992.1,0.733,9.3,204.7,17.8,0.7,50234,1
07310,2023-05-02,56.9,47.9,51.9,56.9,43.7,51.2,39.9,0.642,0.065,0.20829999999999999,0.0,0.0,44.9,18.1,996.1,0.735,9.8,135.1,11.8,0.6,50372,1
07310,2023-05-03,57.2,47.7,51.6,57.2,43.7,50.5,38.1,0.608,0.0,0.0,0.0,0.0,24.2,9.4,999.5,0.752,9.9,131.2,11.4,0.4,50509,1
07310,2023-05-04,54.9,48.6,51.2,54.9,45.9,50.6,44.0,0.764,0.014,0.20829999999999999,0.0,0.0,44.7,13.2,1010.7,0.9640000000000001,9.8,89.3,7.9,0.5,50645,1
07310,2023-05-05,63.2,50.1,55.3,63.2,50.1,55.3,44.5,0.684,0.002,0.0417,0.0,0.0,40.3,10.7,1021.8,0.56,9.8,201.6,17.2,0.9,50780,1
07310,2023-05-06,73.3,50.0,60.9,73.3,50.0,60.9,43.2,0.562,0.0,0.0,0.0,0.0,31.1,9.8,1022.9,0.24,9.9,299.3,25.9,1.0,50912,0
07310,2023-05-07,76.9,55.6,65.9,76.9,55.6,65.9,43.7,0.457,0.006,0.0833,0.0,0.0,53.8,10.8,1015.5,0.19899999999999998,9.9,278.9,23.9,0.9,51042,0
07310,2023-05-08,78.3,58.9,68.4,78.3,58.9,68.4,46.7,0.49700000000000005,0.001,0.0417,0.0,0.0,27.7,9.4,1008.6,0.311,9.9,295.3,25.6,0.9,51172,1
07310,2023-05-09,67.2,55.9,61.6,67.2,55.9,61.6,35.1,0.37799999999999995,0.0,0.0,0.0,0.0,40.3,11.7,1014.5,0.11599999999999999,9.9,232.6,20.0,1.0,51300,1
07310,2023-05-10,72.2,52.8,61.4,72.2,52.8,61.4,41.5,0.505,0.0,0.0,0.0,0.0,53.9,8.6,1020.3,0.044000000000000004,9.9,302.5,26.1,0.9,51425,1
07310,2023-05-11,79.7,56.5,68.5,79.7,56.5,68.5,41.2,0.384,0.0,0.0,0.0,0.0,46.0,10.2,1019.0,0.046,9.8,290.0,25.0,0.9,51549,1
07310,2023-05-12,84.6,61.7,74.3,82.3,61.7,73.6,47.5,0.406,0.0,0.0,0.0,0.0,50.4,12.0,1017.5,0.17600000000000002,9.8,284.4,24.6,1.0,51672,1
07310,2023-05-13,79.5,69.0,74.2,79.5,69.0,74.2,49.3,0.429,0.0,0.0,0.0,0.0,40.8,7.3,1015.9,0.113,9.9,174.6,14.8,0.7,51792,0
07310,2023-05-14,74.9,60.8,67.3,74.9,60.8,67.3,35.7,0.315,0.0,0.0,0.0,0.0,39.0,12.1,1021.3,0.071,9.9,317.9,27.5,1.0,51910,0
07310,2023-05-15,73.5,55.0,64.6,73.5,55.0,64.6,35.3,0.34600000000000003,0.0,0.0,0.0,0.0,48.3,14.1,1021.8,0.053,9.9,300.1,26.0,0.9,52026,1
07310,2023-05-16,78.1,57.1,68.9,78.1,57.1,68.9,42.1,0.406,0.0,0.0,0.0,0.0,40.2,15.6,1007.2,0.055999999999999994,9.9,282.0,24.4,1.0,52140,1
07310,2023-05-17,69.8,54.5,62.2,69.8,54.5,62.2,34.3,0.376,0.0,0.0,0.0,0.0,41.2,12.5,1007.9,0.129,9.9,314.5,27.1,1.0,52253,1
07310,2023-05-18,60.1,47.3,54.2,60.1,43.5,53.3,32.9,0.45899999999999996,0.0,0.0,0.0,0.0,33.9,13.1,1025.6,0.019,9.9,312.7,27.1,1.0,52362,1
07310,2023-05-19,67.7,53.6,60.1,67.7,53.6,60.1,47.2,0.633,0.0,0.0,0.0,0.0,35.8,16.0,1026.8,0.11699999999999999,9.8,287.3,24.8,0.9,52469,1
07310,2023-05-20,66.1,57.6,61.6,66.1,57.6,61.6,58.7,0.903,0.726,0.5417000000000001,0.0,0.0,15.0,7.5,1017.3,0.9179999999999999,4.4,63.2,5.3,0.2,52575,0
07310,2023-05-21,70.9,56.1,64.6,70.9,56.1,64.6,50.1,0.61,0.021,0.0833,0.0,0.0,44.4,11.3,1014.0,0.547,9.6,204.1,17.6,0.8,52677,0
07310,2023-05-22,74.1,59.0,64.8,74.1,59.0,64.8,50.3,0.601,0.0,0.0,0.0,0.0,35.7,10.3,1021.4,0.048,9.7,263.8,22.8,0.9,52777,1
07310,2023-05-23,67.5,56.4,60.7,67.5,56.4,60.7,47.3,0.628,0.0,0.0,0.0,0.0,45.0,10.7,1026.5,0.332,9.9,277.2,24.0,0.9,52875,1
07310,2023-05-24,76.3,55.2,63.0,76.3,55.2,63.0,43.8,0.507,0.014,0.125,0.0,0.0,50.6,12.8,1018.2,0.25,9.8,264.1,22.8,0.8,52969,1
07310,2023-05-25,69.4,51.8,60.5,69.4,51.8,60.5,39.4,0.474,0.002,0.0417,0.0,0.0,39.3,12.2,1020.1,0.153,9.9,326.6,28.0,1.0,53062,1
07310,2023-05-26,74.0,55.5,64.5,74.0,55.5,64.5,38.8,0.405,0.0,0.0,0.0,0.0,48.3,12.6,1024.4,0.054000000000000006,9.9,324.2,27.9,1.0,53151,1
07310,2023-05-27,77.2,58.7,66.9,77.2,58.7,66.9,41.3,0.40700000000000003,0.0,0.0,0.0,0.0,36.7,8.7,1025.8,0.054000000000000006,9.9,312.8,27.0,0.9,53238,0
07310,2023-05-28,76.6,59.0,67.3,76.6,59.0,67.3,43.1,0.424,0.0,0.0,0.0,0.0,39.1,8.3,1020.5,0.067,9.9,312.1,27.0,1.0,53322,0
07310,2023-05-29,77.1,61.5,68.2,77.1,61.5,68.2,48.9,0.514,0.0,0.0,0.0,0.0,25.1,16.5,1017.0,0.038,9.9,305.1,26.6,0.9,53403,0
07310,2023-05-30,69.6,56.2,62.3,69.6,56.2,62.3,46.8,0.5770000000000001,0.026,0.0417,0.0,0.0,37.8,12.5,1022.8,0.03,9.7,307.6,26.7,0.9,53480,1
07310,2023-05-31,73.5,54.4,63.6,73.5,54.4,63.6,50.6,0.6509999999999999,0.0,0.0,0.0,0.0,43.6,9.1,1022.5,0.032,9.6,316.9,27.5,1.0,53555,1
07310,2023-06-01,83.1,60.5,70.3,82.6,60.5,70.2,55.6,0.622,0.007,0.0417,0.0,0.0,48.3,7.6,1018.9,0.013000000000000001,9.5,308.4,26.6,0.9,53626,1
07310,2023-06-02,86.9,64.0,74.0,86.3,64.0,73.7,57.2,0.5820000000000001,0.058,0.0417,0.0,0.0,42.5,9.1,1012.9,0.11199999999999999,9.3,287.3,24.9,1.0,53696,1
07310,2023-06-03,69.9,58.0,65.8,69.9,58.0,65.8,55.2,0.6890000000000001,0.0,0.0,0.0,0.0,25.3,15.0,1015.1,0.8170000000000001,9.7,91.1,7.9,0.3,53761,0
07310,2023-06-04,69.4,52.5,60.5,69.4,52.5,60.5,44.8,0.575,0.007,0.0417,0.0,0.0,23.1,14.7,1016.7,0.743,9.9,186.8,16.2,0.7,53823,0
07310,2023-06-05,75.7,57.3,66.5,75.7,57.3,66.5,46.0,0.489,0.007,0.0417,0.0,0.0,39.1,11.0,1011.8,0.41200000000000003,9.7,238.7,20.6,0.8,53882,1
07310,2023-06-06,80.4,62.3,69.2,79.3,62.3,69.1,44.8,0.42,0.0,0.0,0.0,0.0,47.2,8.1,1005.1,0.225,6.4,237.0,20.5,0.9,53937,1
07310,2023-06-07,71.1,58.7,64.9,71.1,58.7,64.9,43.0,0.456,0.0,0.0,0.0,0.0,29.9,8.8,1003.8,0.336,3.7,164.2,14.2,0.6,53989,1
07310,2023-06-08,71.7,56.9,64.5,71.7,56.9,64.5,45.5,0.507,0.0,0.0,0.0,0.0,39.8,8.3,1005.9,0.57,5.8,207.0,17.8,0.8,54038,1
07310,2023-06-09,71.8,58.7,65.2,71.8,58.7,65.2,48.6,0.5579999999999999,0.0,0.0,0.0,0.0,39.1,9.4,1007.1,0.6559999999999999,9.8,225.8,19.4,0.9,54083,1
07310,2023-06-10,78.8,58.6,68.4,78.8,58.6,68.4,50.4,0.542,0.007,0.0417,0.0,0.0,42.5,7.2,1008.6,0.369,9.7,282.0,24.4,1.0,54124,0
07310,2023-06-11,80.5,65.7,72.0,80.7,65.7,72.0,57.9,0.623,0.036,0.125,0.0,0.0,37.8,6.6,1011.0,0.32,9.1,230.4,19.9,0.7,54163,0
07310,2023-06-12,75.4,66.6,70.7,75.4,66.6,70.7,62.9,0.768,0.121,0.2917,0.0,0.0,35.6,13.3,1007.3,0.595,8.0,158.9,13.7,0.6,54197,1
07310,2023-06-13,78.5,64.9,71.1,78.5,64.9,71.1,55.1,0.6,0.044,0.0833,0.0,0.0,54.2,11.0,1004.7,0.586,9.4,287.9,24.9,0.9,54229,1
07310,2023-06-14,76.6,64.9,68.5,76.6,64.9,68.5,55.9,0.649,0.074,0.20829999999999999,0.0,0.0,31.9,16.2,1001.5,0.303,9.6,181.2,15.4,0.8,54256,1
07310,2023-06-15,78.6,61.6,70.1,78.6,61.6,70.1,53.9,0.5760000000000001,0.085,0.0833,0.0,0.0,48.3,11.9,1003.3,0.419,9.9,233.0,20.1,0.7,54279,1
07310,2023-06-16,79.7,64.9,68.9,79.7,64.9,68.9,56.2,0.652,0.318,0.20829999999999999,0.0,0.0,51.7,9.2,1006.3,0.366,9.4,180.9,15.7,0.8,54300,1
07310,2023-06-17,78.5,62.7,69.4,78.5,62.7,69.4,53.8,0.602,0.0,0.0,0.0,0.0,41.8,9.1,1005.1,0.5589999999999999,9.3,241.6,21.0,0.8,54316,0
07310,2023-06-18,80.7,63.7,72.3,80.5,63.7,72.2,52.7,0.508,0.02,0.0833,0.0,0.0,50.8,11.0,1010.4,0.359,9.6,284.5,24.7,0.9,54329,0
07310,2023-06-19,78.9,66.4,71.5,78.9,66.4,71.5,58.3,0.636,0.0,0.0,0.0,0.0,18.3,12.3,1017.2,0.184,9.9,286.8,24.8,0.9,54338,0
07310,2023-06-20,77.1,64.3,69.4,77.1,64.3,69.4,57.2,0.664,0.0,0.0,0.0,0.0,17.2,9.9,1022.3,0.524,9.9,245.8,21.0,0.9,54343,1
07310,2023-06-21,72.1,62.1,66.6,72.1,62.1,66.6,54.8,0.662,0.0,0.0,0.0,0.0,23.0,16.1,1024.4,0.5670000000000001,9.9,203.3,17.5,0.6,54345,1
07310,2023-06-22,71.2,60.2,65.5,71.2,60.2,65.5,55.8,0.7140000000000001,0.002,0.0833,0.0,0.0,27.1,17.4,1021.2,0.976,9.4,97.1,8.4,0.3,54343,1
07310,2023-06-23,70.4,65.1,67.4,70.4,65.1,67.4,63.4,0.872,0.016,0.0833,0.0,0.0,10.3,8.6,1017.0,0.9740000000000001,9.0,62.5,5.3,0.2,54336,1
07310,2023-06-24,78.7,68.4,72.8,78.7,68.4,72.8,68.0,0.856,0.064,0.20829999999999999,0.0,0.0,16.1,9.8,1011.1,0.731,7.8,159.6,13.9,0.6,54327,0
07310,2023-06-25,83.6,70.3,75.7,86.2,70.3,76.2,67.6,0.768,0.014,0.0833,0.0,0.0,31.1,10.5,1009.7,0.21899999999999997,9.7,220.6,19.0,1.0,54313,0
07310,2023-06-26,78.9,70.1,72.9,78.9,70.1,72.9,67.6,0.841,0.117,0.375,0.0,0.0,55.3,10.7,1007.8,0.513,8.5,126.2,10.8,0.5,54297,1
07310,2023-06-27,79.7,66.9,71.7,79.7,66.9,71.7,66.3,0.84,0.141,0.2917,0.0,0.0,37.8,8.2,1005.9,0.5820000000000001,8.5,160.4,13.7,0.7,54277,1
07310,2023-06-28,81.7,67.6,74.1,83.4,67.6,74.5,63.6,0.71,0.0,0.0,0.0,0.0,44.7,8.7,1009.3,0.529,9.2,215.7,18.7,0.8,54252,1
07310,2023-06-29,82.7,66.4,74.4,82.4,66.4,74.4,59.7,0.612,0.014,0.0833,0.0,0.0,55.3,6.8,1015.7,0.414,7.8,274.0,23.9,1.0,54224,1
07310,2023-06-30,83.8,69.3,76.0,83.7,69.3,76.1,62.0,0.639,0.021,0.125,0.0,0.0,46.1,11.3,1017.5,0.126,4.9,264.3,22.9,0.8,54193,1
07310,2023-07-01,81.1,69.2,74.6,81.8,69.2,74.8,61.0,0.631,0.007,0.0417,0.0,0.0,49.4,11.9,1017.1,0.264,8.3,256.9,22.3,0.8,54157,0
07310,2023-07-02,87.0,71.0,77.0,92.0,71.0,78.2,69.3,0.78,0.069,0.25,0.0,0.0,25.3,8.5,1011.4,0.7240000000000001,8.4,169.0,14.5,0.8,54119,0
07310,2023-07-03,87.9,73.9,80.3,93.2,73.9,82.5,69.8,0.7190000000000001,0.151,0.20829999999999999,0.0,0.0,36.9,8.8,1010.0,0.4,9.5,229.8,19.8,0.9,54077,1
07310,2023-07-04,81.1,73.8,76.1,85.1,73.8,76.2,70.7,0.8370000000000001,0.174,0.25,0.0,0.0,34.4,5.2,1012.3,0.517,8.8,147.4,12.5,0.8,54032,0
07310,2023-07-05,91.5,72.9,81.4,94.0,72.9,82.9,68.4,0.679,0.0,0.0,0.0,0.0,50.6,5.7,1014.8,0.033,7.6,306.7,26.6,0.9,53982,1
07310,2023-07-06,88.4,75.4,81.3,93.4,75.4,82.9,69.6,0.693,0.014,0.0833,0.0,0.0,37.4,9.2,1013.7,0.061,9.8,304.7,26.4,0.9,53930,1
07310,2023-07-07,86.1,74.5,78.8,90.9,74.5,80.3,70.8,0.7759999999999999,0.0,0.0,0.0,0.0,19.7,6.6,1011.4,0.467,9.8,270.0,23.3,0.9,53874,1
07310,2023-07-08,87.3,75.2,78.8,92.4,75.2,80.1,71.6,0.7929999999999999,0.0,0.0,0.0,0.0,39.1,9.6,1010.8,0.607,9.4,205.6,17.9,0.9,53816,0
07310,2023-07-09,81.1,74.8,77.4,84.7,74.8,78.0,71.7,0.83,0.245,0.2917,0.0,0.0,33.4,11.7,1009.8,0.8290000000000001,9.2,134.2,11.7,0.5,53753,0
07310,2023-07-10,86.7,72.0,78.2,88.1,72.0,78.7,66.7,0.7070000000000001,0.002,0.0417,0.0,0.0,43.4,9.9,1008.1,0.569,9.8,212.4,18.3,0.9,53687,1
07310,2023-07-11,88.1,70.7,79.8,88.7,70.7,80.1,59.8,0.511,0.007,0.0417,0.0,0.0,41.0,8.5,1011.8,0.053,9.9,277.3,23.9,1.0,53619,1
07310,2023-07-12,90.7,74.2,82.7,90.8,74.2,83.1,62.5,0.516,0.007,0.0417,0.0,0.0,50.5,8.3,1013.1,0.078,9.9,288.6,25.0,1.0,53547,1
07310,2023-07-13,87.9,76.6,82.7,95.4,76.6,86.1,68.9,0.635,0.0,0.0,0.0,0.0,51.7,14.2,1011.1,0.114,9.8,254.7,22.1,1.0,53473,1
07310,2023-07-14,84.5,73.8,78.7,90.1,73.8,80.6,69.7,0.741,0.073,0.16670000000000001,0.0,0.0,34.4,13.1,1011.9,0.653,9.2,200.7,17.3,0.9,53395,1
07310,2023-07-15,88.6,72.1,78.6,96.4,72.1,80.9,72.4,0.823,0.076,0.16670000000000001,0.0,0.0,45.9,9.8,1013.6,0.423,9.1,245.9,21.3,1.0,53315,0
07310,2023-07-16,78.7,74.9,76.9,78.7,74.9,76.9,74.9,0.935,0.742,0.4583,0.0,0.0,13.9,8.6,1010.1,0.873,8.3,66.0,5.9,0.4,53230,0
07310,2023-07-17,88.9,74.3,80.9,92.7,74.3,82.7,70.6,0.7340000000000001,0.0,0.0,0.0,0.0,27.7,9.9,1012.7,0.255,9.1,261.2,22.7,0.9,53145,1
07310,2023-07-18,83.3,73.5,78.1,89.5,73.5,78.9,70.3,0.773,0.166,0.16670000000000001,0.0,0.0,40.3,16.4,1014.1,0.222,8.9,133.7,11.5,0.6,53056,1
07310,2023-07-19,81.5,73.6,76.2,84.7,73.6,76.5,67.2,0.738,0.0,0.0,0.0,0.0,48.3,13.1,1016.2,0.446,7.8,123.7,10.6,0.6,52964,1
07310,2023-07-20,85.8,73.1,78.8,86.3,73.1,79.0,65.2,0.657,0.014,0.0833,0.0,0.0,47.2,8.5,1014.9,0.26,8.0,237.7,20.6,0.9,52870,1
07310,2023-07-21,87.1,72.6,78.7,89.5,72.6,79.5,66.8,0.685,0.082,0.16670000000000001,0.0,0.0,50.6,11.3,1008.2,0.483,9.4,255.2,22.2,1.0,52772,1
07310,2023-07-22,85.0,70.8,78.0,83.5,70.8,77.7,58.4,0.524,0.027,0.0833,0.0,0.0,51.9,9.3,1009.0,0.11,9.9,280.7,24.3,1.0,52674,0
07310,2023-07-23,89.3,71.9,79.4,88.8,71.9,79.4,60.7,0.54,0.0,0.0,0.0,0.0,41.4,7.8,1014.1,0.132,9.9,281.0,24.2,1.0,52571,0
07310,2023-07-24,84.9,74.4,78.6,86.5,74.4,79.2,64.5,0.623,0.0,0.0,0.0,0.0,36.7,9.6,1018.8,0.08,9.8,232.6,20.1,0.9,52467,1
07310,2023-07-25,85.5,70.7,75.8,89.1,70.7,76.6,66.6,0.741,0.141,0.16670000000000001,0.0,0.0,43.6,10.7,1018.3,0.271,9.2,202.0,17.2,0.9,52360,1
07310,2023-07-26,86.4,68.7,77.5,88.9,68.7,78.5,65.5,0.685,0.007,0.0417,0.0,0.0,43.7,9.6,1018.6,0.051,9.6,288.5,24.8,0.9,52252,1
07310,2023-07-27,90.3,74.9,83.0,99.5,74.9,87.1,71.4,0.6920000000000001,0.026,0.125,0.0,0.0,55.5,16.2,1014.3,0.419,9.5,208.6,18.0,0.9,52141,1
07310,2023-07-28,91.7,76.7,84.0,97.1,76.7,86.7,70.3,0.6509999999999999,0.007,0.0417,0.0,0.0,19.7,10.3,1014.8,0.253,9.7,277.8,23.9,1.0,52028,1
07310,2023-07-29,88.4,75.9,81.4,94.1,75.9,83.8,69.8,0.6859999999999999,0.024,0.0833,0.0,0.0,35.2,14.0,1009.0,0.361,9.7,261.2,22.7,0.8,51913,0
07310,2023-07-30,82.0,66.6,74.3,81.2,66.6,74.2,55.4,0.534,0.0,0.0,0.0,0.0,24.2,8.7,1013.0,0.28300000000000003,9.9,267.9,23.2,1.0,51796,0
07310,2023-07-31,82.4,68.4,75.5,81.5,68.4,75.4,54.9,0.496,0.014,0.0833,0.0,0.0,57.5,8.8,1014.9,0.214,9.9,267.7,23.1,1.0,51677,1
07310,2023-08-01,80.7,69.3,74.9,79.8,69.3,74.8,52.4,0.47,0.0,0.0,0.0,0.0,20.8,10.2,1019.6,0.358,9.9,294.8,25.4,1.0,51556,1
07310,2023-08-02,80.7,67.5,73.3,79.8,67.5,73.3,51.4,0.47200000000000003,0.014,0.0833,0.0,0.0,53.0,8.6,1022.6,0.16399999999999998,9.9,271.0,23.4,1.0,51433,1
07310,2023-08-03,79.1,67.4,72.8,79.1,67.4,72.8,57.4,0.589,0.007,0.0417,0.0,0.0,39.1,15.4,1019.6,0.335,9.8,241.8,21.1,0.8,51309,1
07310,2023-08-04,75.9,71.1,73.2,75.9,71.1,73.2,64.0,0.7290000000000001,0.007,0.0417,0.0,0.0,48.3,11.2,1014.7,0.9390000000000001,9.8,86.9,7.5,0.4,51182,1
07310,2023-08-05,85.0,71.1,77.8,85.1,71.1,77.8,62.4,0.616,0.0,0.0,0.0,0.0,10.3,8.9,1014.5,0.39,9.7,140.8,12.1,0.9,51055,0
07310,2023-08-06,84.8,72.2,78.0,85.0,72.2,78.1,60.1,0.547,0.0,0.0,0.0,0.0,42.5,9.6,1016.0,0.08199999999999999,9.8,0.0,0.0,0.0,50926,0
07310,2023-08-07,80.7,68.4,75.0,84.2,68.4,75.4,69.3,0.828,0.319,0.375,0.0,0.0,24.2,13.0,1011.7,0.9009999999999999,8.4,166.3,14.4,1.0,50794,1
07310,2023-08-08,79.9,70.8,74.7,79.9,70.8,74.7,64.9,0.728,0.003,0.0417,0.0,0.0,42.1,17.1,1004.6,0.857,9.9,207.6,17.8,1.0,50662,1
07310,2023-08-09,87.6,69.9,78.1,86.2,69.9,77.8,58.2,0.519,0.007,0.0417,0.0,0.0,36.5,11.7,1006.9,0.24100000000000002,9.9,0.0,0.0,0.0,50527,1
07310,2023-08-10,80.8,70.6,74.0,83.5,70.6,74.1,65.4,0.755,0.142,0.375,0.0,0.0,53.9,8.9,1005.9,0.57,8.7,0.0,0.0,0.0,50393,1
07310,2023-08-11,84.7,67.7,76.2,84.4,67.7,76.3,62.8,0.6609999999999999,0.0,0.0,0.0,0.0,38.6,14.9,1008.0,0.204,9.7,0.0,0.0,0.0,50256,1
07310,2023-08-12,84.8,72.2,77.8,88.7,72.2,78.8,65.3,0.657,0.014,0.0833,0.0,0.0,13.9,10.1,1011.9,0.294,9.7,0.0,0.0,0.0,50118,0
07310,2023-08-13,88.3,70.0,79.2,89.8,70.0,80.0,66.3,0.67,0.211,0.125,0.0,0.0,36.7,10.8,1011.7,0.44299999999999995,9.6,0.0,0.0,0.0,49979,0
07310,2023-08-14,88.0,73.2,78.9,89.7,73.2,79.4,64.3,0.618,0.0,0.0,0.0,0.0,39.1,10.6,1014.2,0.203,9.9,0.0,0.0,0.0,49838,1
07310,2023-08-15,81.4,70.9,75.4,84.7,70.9,75.7,69.2,0.8170000000000001,0.203,0.3333,0.0,0.0,19.7,12.4,1008.6,0.914,9.1,0.0,0.0,0.0,49697,1
07310,2023-08-16,81.9,70.0,75.2,85.2,70.0,75.7,68.2,0.7959999999999999,0.239,0.16670000000000001,0.0,0.0,49.4,10.0,1012.8,0.851,9.2,166.6,14.5,0.8,49554,1
07310,2023-08-17,78.5,73.2,75.0,78.5,73.2,75.0,68.9,0.8140000000000001,0.0,0.0,0.0,0.0,18.8,10.6,1013.8,0.973,9.7,136.3,11.8,0.9,49411,1
07310,2023-08-18,82.1,68.7,75.7,82.0,68.7,75.8,62.5,0.667,0.219,0.16670000000000001,0.0,0.0,50.6,15.2,1007.7,0.6729999999999999,9.4,227.2,19.6,0.9,49266,1
07310,2023-08-19,79.8,64.0,72.1,79.8,64.0,72.1,53.5,0.527,0.0,0.0,0.0,0.0,30.0,12.3,1014.9,0.226,9.9,0.0,0.0,0.0,49121,0
07310,2023-08-20,86.4,66.4,76.5,85.3,66.4,76.4,57.3,0.528,0.0,0.0,0.0,0.0,18.3,8.5,1018.8,0.053,9.9,0.0,0.0,0.0,48974,0
07310,2023-08-21,88.3,72.2,80.5,92.0,72.2,81.9,65.1,0.602,0.0,0.0,0.0,0.0,42.9,7.6,1017.2,0.272,9.8,0.0,0.0,0.0,48827,1
07310,2023-08-22,79.8,69.3,75.1,79.8,69.3,75.1,56.4,0.529,0.0,0.0,0.0,0.0,24.2,14.6,1018.3,0.369,9.9,0.0,0.0,0.0,48679,1
07310,2023-08-23,80.5,67.9,72.8,79.5,67.9,72.7,53.4,0.515,0.0,0.0,0.0,0.0,32.2,10.0,1019.9,0.18600000000000003,9.9,0.0,0.0,0.0,48529,1
07310,2023-08-24,73.9,66.8,70.8,73.9,66.8,70.8,62.6,0.757,0.034,0.25,0.0,0.0,43.6,10.5,1017.9,0.981,9.4,0.0,0.0,0.0,48380,1
07310,2023-08-25,78.3,70.9,73.6,78.3,70.9,73.6,69.6,0.872,0.088,0.3333,0.0,0.0,40.3,9.2,1012.1,0.8190000000000001,8.6,0.0,0.0,0.0,48229,1
07310,2023-08-26,85.3,73.5,77.9,86.5,73.5,78.7,68.7,0.7509999999999999,0.075,0.125,0.0,0.0,19.7,8.9,1010.2,0.541,9.1,0.0,0.0,0.0,48077,0
07310,2023-08-27,85.7,70.8,77.2,86.5,70.8,77.5,62.8,0.622,0.0,0.0,0.0,0.0,34.4,8.3,1013.1,0.128,9.9,0.0,0.0,0.0,47925,0
07310,2023-08-28,75.6,71.2,72.8,75.6,71.2,72.8,65.1,0.769,0.0,0.0,0.0,0.0,51.7,8.7,1017.1,0.816,9.8,0.0,0.0,0.0,47773,1
07310,2023-08-29,78.3,69.1,73.5,78.3,69.1,73.5,66.2,0.7809999999999999,0.007,0.0417,0.0,0.0,44.7,10.8,1014.0,0.757,9.9,0.0,0.0,0.0,47620,1
07310,2023-08-30,84.7,71.2,76.3,85.7,71.2,76.4,65.0,0.7120000000000001,0.075,0.125,0.0,0.0,28.7,8.0,1006.9,0.608,9.5,0.0,0.0,0.0,47466,1
07310,2023-08-31,78.3,66.3,71.8,78.3,66.3,71.8,52.7,0.525,0.0,0.0,0.0,0.0,28.2,14.9,1013.7,0.054000000000000006,9.9,0.0,0.0,0.0,47312,1
07310,2023-09-01,77.3,63.4,69.8,77.3,63.4,69.8,50.3,0.509,0.0,0.0,0.0,0.0,29.8,11.8,1024.3,0.019,9.9,83.0,7.2,0.8,47156,1
07310,2023-09-02,79.8,63.2,70.8,79.8,63.2,70.8,56.9,0.624,0.0,0.0,0.0,0.0,36.8,8.8,1022.0,0.045,9.9,266.5,23.0,0.9,47001,0
07310,2023-09-03,90.4,68.9,78.6,92.1,68.9,79.6,63.7,0.62,0.0,0.0,0.0,0.0,21.9,10.1,1014.1,0.099,9.9,252.1,21.7,0.9,46845,0
07310,2023-09-04,89.0,74.7,81.2,94.2,74.7,83.3,68.0,0.647,0.007,0.0417,0.0,0.0,43.6,6.1,1011.5,0.185,9.8,167.5,14.6,0.9,46688,0
07310,2023-09-05,92.0,76.7,83.7,98.6,76.7,86.8,70.0,0.643,0.0,0.0,0.0,0.0,37.8,6.5,1012.9,0.085,9.8,224.8,19.4,0.9,46532,1
07310,2023-09-06,92.6,77.3,84.6,97.9,77.3,87.5,69.7,0.626,0.02,0.0833,0.0,0.0,45.9,5.5,1010.6,0.11699999999999999,9.6,250.5,21.5,0.8,46374,1
07310,2023-09-07,92.5,77.6,84.0,98.6,77.6,86.9,68.8,0.613,0.0,0.0,0.0,0.0,42.5,9.3,1009.4,0.052000000000000005,9.7,232.1,20.1,0.8,46217,1
07310,2023-09-08,89.4,74.6,78.2,99.3,74.6,80.0,69.4,0.748,0.024,0.25,0.0,0.0,43.6,9.3,1013.6,0.41600000000000004,8.8,154.9,13.2,0.8,46059,1
07310,2023-09-09,85.2,73.8,77.4,92.1,73.8,78.6,71.3,0.821,0.006,0.0833,0.0,0.0,19.7,8.1,1018.1,0.753,8.7,133.0,11.6,0.9,45901,0
07310,2023-09-10,78.8,70.0,74.1,78.8,70.0,74.1,69.1,0.845,0.202,0.2917,0.0,0.0,29.8,6.9,1018.9,0.5760000000000001,8.6,116.2,9.8,0.7,45743,0
07310,2023-09-11,81.9,70.8,75.2,86.0,70.8,76.0,70.5,0.86,0.367,0.375,0.0,0.0,43.6,9.9,1015.9,0.816,8.2,121.7,10.4,0.7,45583,1
07310,2023-09-12,84.8,69.5,75.3,86.3,69.5,75.8,66.5,0.755,0.0,0.0,0.0,0.0,47.2,7.9,1015.4,0.28600000000000003,9.7,150.9,13.2,0.9,45424,1
07310,2023-09-13,81.0,71.9,75.4,82.9,71.9,75.6,67.5,0.773,0.036,0.16670000000000001,0.0,0.0,54.0,9.5,1013.3,0.63,9.7,115.7,10.0,0.7,45265,1
07310,2023-09-14,79.6,66.9,72.8,79.6,66.9,72.8,55.3,0.564,0.014,0.0833,0.0,0.0,54.5,9.8,1016.8,0.24100000000000002,9.9,251.3,21.8,0.8,45105,1
07310,2023-09-15,71.9,60.0,65.4,71.9,60.0,65.4,50.7,0.596,0.0,0.0,0.0,0.0,52.8,11.4,1017.3,0.054000000000000006,9.9,176.8,15.2,0.8,44945,1
07310,2023-09-16,78.4,61.4,69.0,78.4,61.4,69.0,49.5,0.511,0.0,0.0,0.0,0.0,38.2,12.1,1013.0,0.066,9.9,196.6,17.1,0.8,44785,0
07310,2023-09-17,77.5,60.6,68.8,77.5,60.6,68.8,54.4,0.613,0.065,0.125,0.0,0.0,56.4,9.9,1013.8,0.28300000000000003,9.4,212.3,18.4,1.0,44624,0
07310,2023-09-18,68.6,63.6,66.5,68.6,63.6,66.5,63.9,0.912,0.307,0.8332999999999999,0.0,0.0,21.9,8.0,1008.7,0.8859999999999999,7.1,30.2,2.6,0.1,44465,1
07310,2023-09-19,75.5,59.5,67.0,75.5,59.5,67.0,53.3,0.637,0.004,0.0417,0.0,0.0,26.4,11.9,1013.7,0.146,9.9,217.9,18.9,0.8,44304,1
07310,2023-09-20,76.5,60.1,68.4,76.5,60.1,68.4,50.3,0.535,0.0,0.0,0.0,0.0,21.9,7.8,1020.6,0.07,9.9,231.5,20.1,0.8,44144,1
07310,2023-09-21,74.0,60.7,67.4,74.0,60.7,67.4,51.6,0.579,0.0,0.0,0.0,0.0,47.2,10.4,1024.4,0.068,9.8,232.8,20.1,0.8,43983,1
07310,2023-09-22,73.1,62.3,66.7,73.1,62.3,66.7,55.2,0.67,0.0,0.0,0.0,0.0,36.5,15.3,1026.9,0.263,9.9,143.5,12.5,0.7,43821,1
07310,2023-09-23,63.9,59.2,61.1,63.9,59.2,61.1,55.9,0.835,0.29,0.625,0.0,0.0,33.3,20.5,1020.2,0.847,7.3,31.8,2.8,0.2,43661,0
07310,2023-09-24,65.7,62.6,64.1,65.7,62.6,64.1,61.5,0.915,0.365,0.9582999999999999,0.0,0.0,30.5,19.7,1015.4,1.0,5.8,43.0,3.7,0.3,43500,0
07310,2023-09-25,64.4,59.8,61.8,64.4,59.8,61.8,58.9,0.905,0.199,0.875,0.0,0.0,32.4,21.6,1017.7,1.0,4.8,28.1,2.4,0.1,43339,1
07310,2023-09-26,61.0,59.1,60.0,61.0,59.1,60.0,54.4,0.8190000000000001,0.058,0.4583,0.0,0.0,24.2,12.7,1026.5,0.966,7.8,30.0,2.4,0.1,43178,1
07310,2023-09-27,65.9,53.8,60.6,65.9,53.8,60.6,47.9,0.635,0.0,0.0,0.0,0.0,25.8,16.2,1026.9,0.698,9.8,160.2,14.0,0.7,43017,1
07310,2023-09-28,65.4,57.4,60.4,65.4,57.4,60.4,53.9,0.7929999999999999,0.04,0.16670000000000001,0.0,0.0,25.4,14.3,1024.8,0.932,9.5,69.4,5.9,0.3,42857,1
07310,2023-09-29,62.3,59.8,61.2,62.3,59.8,61.2,58.4,0.905,1.691,0.8332999999999999,0.0,0.0,28.9,16.0,1021.1,1.0,6.3,26.6,2.2,0.1,42695,1
07310,2023-09-30,66.7,58.6,62.4,66.7,58.6,62.4,57.0,0.828,0.011,0.125,0.0,0.0,37.9,12.0,1021.4,0.941,9.3,67.8,6.1,0.4,42535,0
07310,2023-10-01,79.7,60.5,69.0,79.7,60.5,69.0,57.0,0.6779999999999999,0.0,0.0,0.0,0.0,25.3,8.1,1021.6,0.023,9.8,206.2,17.8,0.8,42374,0
07310,2023-10-02,78.9,65.5,70.5,78.9,65.5,70.5,58.7,0.6709999999999999,0.0,0.0,0.0,0.0,40.3,7.9,1022.0,0.139,9.9,211.0,18.2,0.8,42214,1
07310,2023-10-03,81.5,62.3,70.6,82.2,62.3,70.7,59.2,0.6829999999999999,0.0,0.0,0.0,0.0,50.6,6.0,1021.5,0.017,9.5,206.2,17.8,0.7,42054,1
07310,2023-10-04,82.1,65.8,72.3,83.5,65.8,72.5,62.2,0.716,0.0,0.0,0.0,0.0,40.3,7.3,1022.2,0.019,9.3,204.3,17.7,0.7,41893,1
07310,2023-10-05,76.1,62.8,69.0,76.1,62.8,69.0,60.0,0.736,0.0,0.0,0.0,0.0,42.5,9.3,1023.1,0.07,9.7,201.0,17.3,0.7,41733,1
07310,2023-10-06,71.7,66.9,69.2,71.7,66.9,69.2,66.4,0.91,0.039,0.20829999999999999,0.0,0.0,13.9,8.0,1016.7,1.0,6.0,41.4,3.6,0.3,41573,1
07310,2023-10-07,69.5,55.4,64.7,69.5,55.4,64.7,59.9,0.847,0.077,0.5832999999999999,0.0,0.0,27.7,8.5,1006.5,0.915,7.8,56.9,5.0,0.3,41414,0
07310,2023-10-08,61.0,51.4,56.3,61.0,51.4,56.3,43.9,0.638,0.0,0.0,0.0,0.0,29.9,15.7,1004.8,0.349,9.9,135.8,11.6,0.8,41254,0
07310,2023-10-09,62.0,50.2,56.0,62.0,50.2,56.0,40.9,0.573,0.0,0.0,0.0,0.0,32.4,13.6,1008.6,0.377,9.9,160.4,13.8,0.9,41096,0
07310,2023-10-10,64.4,54.3,58.7,64.4,54.3,58.7,47.6,0.6729999999999999,0.007,0.0833,0.0,0.0,24.2,10.6,1009.9,0.631,9.7,147.8,12.7,0.7,40936,1
07310,2023-10-11,71.8,57.0,62.9,71.8,57.0,62.9,48.7,0.62,0.0,0.0,0.0,0.0,50.9,9.4,1011.2,0.327,9.8,192.0,16.6,0.7,40778,1
07310,2023-10-12,71.9,55.9,63.3,71.9,55.9,63.3,49.6,0.634,0.0,0.0,0.0,0.0,48.3,6.7,1012.1,0.11900000000000001,9.8,153.5,13.1,0.7,40620,1
07310,2023-10-13,66.1,54.1,60.0,66.1,54.1,60.0,43.8,0.561,0.0,0.0,0.0,0.0,41.4,10.0,1014.5,0.052000000000000005,9.9,193.6,16.6,0.7,40462,1
07310,2023-10-14,57.8,51.1,54.4,57.8,51.1,54.4,46.9,0.77,0.236,0.5,0.0,0.0,19.5,11.6,1009.6,0.9059999999999999,8.1,12.4,1.1,0.0,40305,0
07310,2023-10-15,62.6,51.8,56.1,62.6,51.8,56.1,44.2,0.6579999999999999,0.006,0.125,0.0,0.0,27.7,8.8,1000.3,0.769,9.9,154.9,13.5,0.9,40148,0
07310,2023-10-16,66.2,48.4,56.7,66.2,45.7,56.3,45.1,0.664,0.0,0.0,0.0,0.0,34.4,8.2,1003.7,0.384,9.9,116.7,10.0,0.8,39992,1
07310,2023-10-17,63.6,52.8,58.0,63.6,52.8,58.0,46.3,0.657,0.0,0.0,0.0,0.0,39.1,7.4,1012.8,0.424,9.9,91.3,8.0,0.6,39836,1
07310,2023-10-18,63.2,55.9,59.4,63.2,55.9,59.4,49.5,0.7,0.0,0.0,0.0,0.0,41.4,6.0,1020.4,0.863,9.7,76.8,6.8,0.4,39680,1
07310,2023-10-19,66.2,52.3,59.0,66.2,52.3,59.0,49.1,0.7070000000000001,0.0,0.0,0.0,0.0,42.5,8.9,1020.0,0.17800000000000002,9.9,146.2,12.6,0.7,39525,1
07310,2023-10-20,63.9,60.0,61.8,63.9,60.0,61.8,58.4,0.889,0.3,0.75,0.0,0.0,34.4,8.9,1007.3,0.9279999999999999,8.1,26.8,2.3,0.2,39372,1
07310,2023-10-21,65.7,57.8,60.8,65.7,57.8,60.8,53.3,0.78,0.116,0.25,0.0,0.0,34.4,14.2,993.5,0.818,8.6,51.7,4.6,0.3,39218,0
07310,2023-10-22,60.2,49.8,55.4,60.2,47.3,55.3,40.0,0.569,0.0,0.0,0.0,0.0,49.4,13.7,1004.1,0.78,9.9,119.2,10.2,0.9,39065,0
07310,2023-10-23,64.0,48.4,54.8,64.0,45.8,54.2,39.3,0.563,0.0,0.0,0.0,0.0,32.6,8.1,1019.5,0.102,9.9,166.8,14.4,0.7,38914,1
07310,2023-10-24,66.3,50.7,57.8,66.3,50.7,57.8,45.3,0.642,0.0,0.0,0.0,0.0,38.0,8.0,1027.5,0.036000000000000004,9.8,136.1,11.8,0.6,38762,1
07310,2023-10-25,73.8,53.1,62.4,73.8,53.1,62.4,47.5,0.595,0.0,0.0,0.0,0.0,48.3,9.5,1025.6,0.054000000000000006,9.9,156.9,13.7,0.6,38612,1
07310,2023-10-26,79.5,58.5,67.8,79.5,58.5,67.8,50.6,0.5489999999999999,0.0,0.0,0.0,0.0,49.4,8.7,1023.1,0.065,9.9,164.5,14.3,0.6,38461,1
07310,2023-10-27,75.3,61.5,67.0,75.3,61.5,67.0,54.0,0.635,0.0,0.0,0.0,0.0,44.7,9.8,1019.5,0.079,9.9,73.6,6.5,0.3,38313,1
07310,2023-10-28,81.5,64.7,71.3,82.2,64.7,71.4,58.0,0.637,0.0,0.0,0.0,0.0,23.0,8.4,1016.4,0.28300000000000003,9.8,159.7,13.7,0.6,38165,0
07310,2023-10-29,66.0,53.1,56.6,66.0,53.1,56.6,49.3,0.777,0.15,0.625,0.0,0.0,39.1,16.9,1018.8,0.935,8.9,15.3,1.2,0.1,38018,0
07310,2023-10-30,60.9,51.6,56.3,60.9,51.6,56.3,51.6,0.848,0.148,0.25,0.0,0.0,29.2,8.3,1010.3,0.978,7.9,41.5,3.7,0.3,37872,1
07310,2023-10-31,53.9,47.8,50.8,53.9,45.2,50.3,36.4,0.581,0.0,0.0,0.0,0.0,40.3,13.2,1017.8,0.648,9.9,110.4,9.5,0.6,37727,1
