date,total_length,number_of_rides,zip_code,tempmax,tempmin,temp,feelslikemax,feelslikemin,feelslike,dew,humidity,precip,precipcover,snow,snowdepth,windgust,windspeed,pressure,cloudcover,visibility,solarradiation,solarenergy,uvindex,daylight,is_work_day
2023-02-11,474.0,35.0,07310,47.8,37.8,42.4,45.0,31.5,38.5,20.0,0.41,0.0,0.0,0.0,0.0,31.0,11.3,1023.7,0.122,9.9,159.8,13.6,0.6,37829,0
2023-02-23,507.0,69.0,07030,43.0,38.2,39.8,38.4,30.2,34.1,36.4,0.879,0.018,0.125,0.0,0.0,25.3,13.2,1013.0,1.0,7.8,40.0,3.3,0.2,39658,1
2023-02-18,208.0,30.0,07310,44.1,28.7,36.3,38.6,22.9,30.1,16.0,0.441,0.007,0.0417,0.0,0.0,44.7,11.3,1025.4,0.248,9.9,177.8,15.3,0.7,38882,0
2023-03-20,583.0,71.0,07310,50.6,31.8,40.9,50.6,25.1,36.5,18.2,0.406,0.0,0.0,0.0,0.0,30.5,10.6,1024.9,0.009,9.9,239.8,20.6,0.8,43699,1
2023-01-28,1092.0,76.0,07030,51.3,35.7,43.9,51.3,30.3,40.4,23.4,0.447,0.01,0.0417,0.0,0.0,31.1,12.3,1023.5,0.2789999999999999,9.9,106.9,9.3,0.5,35911,0
2023-06-07,227.0,48.0,07302,71.4,58.8,65.0,71.4,58.8,65.0,43.1,0.457,0.0,0.0,0.0,0.0,29.9,8.8,1003.8,0.293,3.8,164.2,14.2,0.6,53985,1
2023-04-30,184.0,15.0,07310,60.2,50.3,54.6,60.2,50.3,54.6,53.2,0.947,2.14,0.5,0.0,0.0,26.4,13.6,999.5,1.0,2.9,42.8,3.6,0.2,50094,0
2023-06-10,2379.0,85.0,07302,79.0,58.7,68.5,79.0,58.7,68.5,50.6,0.544,0.007,0.0417,0.0,0.0,42.5,7.3,1008.6,0.376,9.7,282.0,24.4,1.0,54121,0
2023-04-18,590.0,84.0,07030,57.0,46.8,52.0,57.0,42.0,51.0,30.0,0.429,0.0,0.0,0.0,0.0,31.4,15.8,1007.6,0.4579999999999999,9.9,125.8,11.0,0.5,48333,1
2023-09-01,2440.0,123.0,07030,76.0,61.8,68.6,76.0,61.8,68.6,49.1,0.506,0.0,0.0,0.0,0.0,20.8,9.9,1024.2,0.012,9.9,83.0,7.2,0.8,47159,1
2023-10-28,1282.0,84.0,07310,81.5,64.7,71.3,82.2,64.7,71.4,58.0,0.637,0.0,0.0,0.0,0.0,23.0,8.4,1016.4,0.283,9.8,159.7,13.7,0.6,38165,0
2023-04-09,703.0,42.0,07302,55.0,41.7,47.1,55.0,38.9,45.5,27.8,0.478,0.0,0.0,0.0,0.0,25.3,14.6,1032.4,0.103,9.9,279.4,24.1,0.9,46929,0
2023-08-06,1406.0,90.0,07310,84.8,72.2,78.0,85.0,72.2,78.1,60.1,0.547,0.0,0.0,0.0,0.0,42.5,9.6,1016.0,0.0819999999999999,9.8,0.0,0.0,0.0,50926,0
2022-11-25,14.0,2.0,07302,55.8,46.6,49.4,55.8,41.3,46.8,38.2,0.672,0.019,0.0833,0.0,0.0,33.2,15.5,1013.5,0.696,8.7,31.0,2.6,0.2,34619,0
2023-04-21,744.0,78.0,07310,68.3,51.4,58.9,68.3,51.4,58.9,45.4,0.62,0.0,0.0,0.0,0.0,21.9,10.9,1018.5,0.331,9.8,270.0,23.5,0.9,48784,1
2023-09-08,2304.0,93.0,07310,89.4,74.6,78.2,99.3,74.6,80.0,69.4,0.748,0.024,0.25,0.0,0.0,43.6,9.3,1013.6,0.416,8.8,154.9,13.2,0.8,46059,1
2023-03-22,680.0,87.0,07030,60.6,45.8,51.8,60.6,43.3,50.9,29.8,0.4539999999999999,0.0,0.0,0.0,0.0,34.4,10.9,1026.4,0.228,9.9,195.6,16.9,0.8,44026,1
2023-10-08,966.0,53.0,07302,61.4,51.5,56.5,61.4,51.5,56.5,44.0,0.637,0.0,0.0,0.0,0.0,29.9,16.1,1004.9,0.348,9.9,135.8,11.6,0.8,41255,0
2022-12-10,2017.0,43.0,07302,40.1,30.9,36.2,36.2,22.8,30.2,21.4,0.551,0.0,0.0,0.0,0.0,20.8,11.3,1027.9,0.3989999999999999,9.9,85.6,7.4,0.5,33552,0
2023-04-01,510.0,39.0,07310,68.9,54.7,59.8,68.9,54.7,59.8,49.6,0.71,0.109,0.375,0.0,0.0,39.1,15.1,1000.7,0.79,9.5,120.3,10.2,0.7,45651,0
2023-06-09,940.0,92.0,07030,71.6,57.8,64.7,71.6,57.8,64.7,47.8,0.55,0.0,0.0,0.0,0.0,19.7,9.9,1006.9,0.627,9.8,225.8,19.4,0.9,54088,1
2023-01-23,366.0,31.0,07310,39.5,36.3,38.0,39.2,27.7,31.3,32.8,0.8220000000000001,0.526,0.7082999999999999,0.0,0.0,29.8,17.7,1004.0,0.996,7.0,21.0,1.8,0.1,35318,1
2023-05-29,16592.0,189.0,07030,77.4,61.7,68.6,77.4,61.7,68.6,47.8,0.488,0.0,0.0,0.0,0.0,27.1,16.8,1016.9,0.03,9.9,305.1,26.6,0.9,53407,0
2023-04-08,683.0,67.0,07310,52.1,38.0,45.4,52.1,32.2,43.1,19.4,0.358,0.0,0.0,0.0,0.0,18.3,10.3,1031.7,0.182,9.9,228.1,19.8,0.8,46771,0
2022-12-30,1310.0,71.0,07030,61.1,44.5,50.6,61.1,42.5,49.9,32.7,0.51,0.0,0.0,0.0,0.0,12.8,6.1,1024.4,0.15,9.5,95.3,8.4,0.4,33448,1
2023-05-22,1092.0,109.0,07030,73.9,57.7,64.5,73.9,57.7,64.5,50.2,0.609,0.0,0.0,0.0,0.0,35.8,10.9,1021.2,0.064,9.6,263.8,22.8,0.9,52782,1
2023-10-29,658.0,21.0,07030,65.7,52.0,55.8,65.7,52.0,55.8,48.5,0.7809999999999999,0.324,0.5832999999999999,0.0,0.0,38.0,13.7,1018.8,0.938,8.1,15.3,1.2,0.1,38016,0
2023-09-07,1226.0,134.0,07030,92.7,78.2,84.3,97.7,78.2,87.1,68.1,0.591,0.0,0.0,0.0,0.0,24.2,8.2,1009.2,0.045,9.8,232.1,20.1,0.8,46218,1
2023-07-26,1504.0,136.0,07030,86.3,68.2,77.1,88.3,68.2,77.9,65.2,0.687,0.004,0.0417,0.0,0.0,41.9,10.5,1018.4,0.055,9.3,288.5,24.8,0.9,52256,1
2023-10-29,326.0,24.0,07310,66.0,53.1,56.6,66.0,53.1,56.6,49.3,0.777,0.15,0.625,0.0,0.0,39.1,16.9,1018.8,0.935,8.9,15.3,1.2,0.1,38018,0
2023-02-16,186.0,29.0,07302,63.6,52.8,57.0,63.6,52.8,57.0,43.5,0.621,0.054,0.1667,0.0,0.0,24.2,8.8,1014.7,0.402,9.8,74.2,6.4,0.4,38579,1
2023-10-07,620.0,45.0,07310,69.5,55.4,64.7,69.5,55.4,64.7,59.9,0.847,0.077,0.5832999999999999,0.0,0.0,27.7,8.5,1006.5,0.915,7.8,56.9,5.0,0.3,41414,0
2023-07-18,1284.0,68.0,07302,83.3,73.4,78.1,89.5,73.4,78.9,70.3,0.773,0.156,0.1667,0.0,0.0,40.3,16.4,1014.2,0.225,9.0,133.7,11.5,0.6,53052,1
2023-05-06,3138.0,148.0,07030,73.0,48.7,60.9,73.0,48.2,60.8,42.5,0.5489999999999999,0.0,0.0,0.0,0.0,31.1,7.5,1022.7,0.239,9.9,299.3,25.9,1.0,50915,0
2022-11-17,556.0,76.0,07030,45.3,37.8,40.3,39.8,31.2,34.8,24.3,0.5329999999999999,0.0,0.0,0.0,0.0,26.6,13.2,1014.0,0.5920000000000001,9.9,114.1,9.8,0.6,35457,1
2023-03-23,211.0,33.0,07302,57.8,47.5,52.6,57.8,45.2,52.5,47.4,0.8290000000000001,0.019,0.125,0.0,0.0,53.9,10.6,1013.9,0.669,9.0,59.7,5.1,0.2,44189,1
2023-06-30,1722.0,109.0,07030,83.6,69.2,75.8,83.5,69.2,75.8,61.8,0.642,0.012,0.125,0.0,0.0,46.1,11.3,1017.3,0.156,4.3,264.3,22.9,0.8,54197,1
2023-03-21,1045.0,95.0,07030,61.9,39.1,50.5,61.9,35.7,49.2,17.3,0.291,0.0,0.0,0.0,0.0,35.8,13.3,1027.0,0.021,9.9,244.9,21.1,0.8,43863,1
2023-09-11,746.0,81.0,07310,81.9,70.8,75.2,86.0,70.8,76.0,70.5,0.86,0.367,0.375,0.0,0.0,43.6,9.9,1015.9,0.816,8.2,121.7,10.4,0.7,45583,1
2023-09-28,528.0,69.0,07030,64.6,56.6,59.5,64.6,56.6,59.5,53.5,0.804,0.091,0.1667,0.0,0.0,24.2,12.5,1024.8,0.931,9.0,69.4,5.9,0.3,42856,1
2023-10-01,2336.0,66.0,07310,79.7,60.5,69.0,79.7,60.5,69.0,57.0,0.6779999999999999,0.0,0.0,0.0,0.0,25.3,8.1,1021.6,0.023,9.8,206.2,17.8,0.8,42374,0
2022-11-10,745.0,73.0,07310,67.0,46.6,56.2,67.0,45.5,55.9,45.4,0.679,0.0,0.0,0.0,0.0,16.6,8.1,1027.7,0.092,9.9,130.4,11.3,0.5,36321,1
2023-07-06,1232.0,110.0,07030,88.8,75.6,81.7,93.4,75.6,83.5,69.3,0.674,0.008,0.0833,0.0,0.0,31.1,9.9,1013.5,0.036,9.8,304.7,26.4,0.9,53935,1
2022-11-29,323.0,46.0,07310,43.3,35.7,40.4,42.9,32.1,38.7,27.8,0.607,0.0,0.0,0.0,0.0,17.4,5.8,1024.1,0.496,9.9,48.8,4.0,0.2,34258,1
2023-02-09,1140.0,48.0,07310,53.4,39.8,46.7,53.4,38.3,45.7,36.3,0.675,0.0,0.0,0.0,0.0,43.9,8.3,1021.1,0.6659999999999999,9.8,30.9,2.6,0.1,37538,1
2023-08-04,1190.0,97.0,07302,75.9,71.1,73.2,75.9,71.1,73.2,64.1,0.732,0.007,0.0417,0.0,0.0,48.3,11.7,1014.8,0.95,9.8,86.9,7.5,0.4,51179,1
2023-01-13,1671.0,34.0,07302,57.1,38.9,49.8,57.1,29.3,47.0,41.9,0.746,0.143,0.1667,0.0,0.0,33.3,20.8,1002.3,0.894,9.4,26.5,2.1,0.2,34318,1
2023-09-22,2349.0,71.0,07302,73.4,62.7,66.9,73.4,62.7,66.9,55.3,0.669,0.0,0.0,0.0,0.0,36.3,16.1,1026.9,0.27,9.9,143.5,12.5,0.7,43822,1
2023-04-01,1542.0,95.0,07030,69.7,53.8,59.7,69.7,53.8,59.7,49.2,0.703,0.256,0.5,0.0,0.0,39.1,13.4,1000.4,0.7879999999999999,9.0,120.3,10.2,0.7,45652,0
2023-06-16,1154.0,91.0,07310,79.7,64.9,68.9,79.7,64.9,68.9,56.2,0.652,0.318,0.2082999999999999,0.0,0.0,51.7,9.2,1006.3,0.366,9.4,180.9,15.7,0.8,54300,1
2023-10-27,1003.0,102.0,07310,75.3,61.5,67.0,75.3,61.5,67.0,54.0,0.635,0.0,0.0,0.0,0.0,44.7,9.8,1019.5,0.079,9.9,73.6,6.5,0.3,38313,1
2023-10-17,560.0,72.0,07310,63.6,52.8,58.0,63.6,52.8,58.0,46.3,0.657,0.0,0.0,0.0,0.0,39.1,7.4,1012.8,0.424,9.9,91.3,8.0,0.6,39836,1
2022-11-13,843.0,75.0,07030,60.2,41.9,50.4,60.2,38.0,48.4,38.5,0.648,0.045,0.2082999999999999,0.0,0.0,30.0,15.4,1011.9,0.784,9.9,69.4,6.0,0.5,35936,0
2023-10-14,134.0,15.0,07302,58.1,51.3,54.6,58.1,51.3,54.6,47.0,0.767,0.181,0.5,0.0,0.0,21.9,12.0,1009.6,0.905,8.1,12.4,1.1,0.0,40306,0
2023-09-10,752.0,56.0,07302,79.2,70.1,74.3,79.2,70.1,74.3,69.1,0.8420000000000001,0.136,0.2917,0.0,0.0,29.8,7.2,1018.9,0.578,8.7,116.2,9.8,0.7,45742,0
2023-04-23,2388.0,104.0,07310,67.2,55.1,59.2,67.2,55.1,59.2,48.2,0.711,1.325,0.4583,0.0,0.0,32.9,12.5,1010.9,0.858,7.4,179.4,15.5,1.0,49083,0
2023-07-13,1171.0,112.0,07030,87.7,76.7,82.4,93.8,76.7,85.7,68.5,0.631,0.004,0.0833,0.0,0.0,26.4,12.8,1010.9,0.102,9.8,254.7,22.1,1.0,53477,1
2022-11-11,314.0,38.0,07310,68.8,58.7,63.9,68.8,58.7,63.9,59.8,0.867,0.838,0.4167,0.0,0.0,36.5,9.2,1014.4,0.961,7.1,28.5,2.5,0.2,36192,0
2022-11-04,979.0,91.0,07030,70.3,51.6,60.1,70.3,51.6,60.1,53.4,0.7959999999999999,0.0,0.0,0.0,0.0,18.8,7.5,1027.3,0.1989999999999999,8.3,136.0,11.9,0.6,37124,1
2022-12-25,9.0,2.0,07310,27.8,14.0,20.9,18.3,-1.5,9.6,4.3,0.486,0.0,0.0,0.0,0.0,28.7,15.1,1013.4,0.105,9.9,99.1,8.6,0.5,33325,0
2023-07-14,768.0,76.0,07310,84.5,73.8,78.7,90.1,73.8,80.6,69.7,0.741,0.073,0.1667,0.0,0.0,34.4,13.1,1011.9,0.653,9.2,200.7,17.3,0.9,53395,1
2023-01-09,500.0,60.0,07030,44.1,36.9,39.6,39.5,32.7,36.2,27.2,0.627,0.007,0.0833,0.0,0.0,31.1,11.2,1014.2,0.473,9.3,97.0,8.2,0.5,33993,1
2023-01-05,523.0,51.0,07310,50.8,45.8,48.8,50.8,41.6,47.0,46.0,0.904,0.009,0.0417,0.0,0.0,9.2,8.0,1013.4,1.0,5.9,26.9,2.3,0.1,33736,1
2023-06-22,1100.0,103.0,07030,70.9,60.3,65.2,70.9,60.3,65.2,55.4,0.711,0.002,0.0833,0.0,0.0,24.6,15.0,1021.2,0.972,9.1,97.1,8.4,0.3,54348,1
2023-02-19,527.0,49.0,07310,49.1,37.1,42.5,45.4,31.1,38.7,29.1,0.594,0.0,0.0,0.0,0.0,24.2,15.0,1024.3,0.093,9.9,107.5,9.1,0.4,39036,0
2023-05-27,2977.0,131.0,07030,77.0,57.0,66.4,77.0,57.0,66.4,40.7,0.4039999999999999,0.0,0.0,0.0,0.0,10.3,7.1,1025.6,0.037,9.9,312.8,27.0,0.9,53243,0
2023-07-29,1128.0,70.0,07302,88.5,76.0,81.4,94.2,76.0,83.9,69.9,0.6890000000000001,0.02,0.0833,0.0,0.0,35.2,14.6,1009.0,0.368,9.7,261.2,22.7,0.8,51909,0
2023-07-11,839.0,87.0,07310,88.1,70.7,79.8,88.7,70.7,80.1,59.8,0.511,0.007,0.0417,0.0,0.0,41.0,8.5,1011.8,0.053,9.9,277.3,23.9,1.0,53619,1
2023-04-11,604.0,53.0,07302,72.0,48.4,61.2,72.0,46.9,61.0,29.4,0.324,0.0,0.0,0.0,0.0,31.1,16.5,1020.1,0.068,9.9,237.3,20.5,0.9,47244,1
2023-06-29,7465.0,140.0,07030,81.8,65.4,74.0,82.0,65.4,74.1,59.4,0.614,0.008,0.0833,0.0,0.0,17.2,6.6,1015.5,0.439,7.4,274.0,23.9,1.0,54229,1
2023-03-08,553.0,75.0,07030,47.8,31.1,38.6,43.9,23.0,32.6,21.5,0.505,0.0,0.0,0.0,0.0,31.1,13.0,1020.1,0.215,9.9,213.0,18.3,0.8,41741,1
2023-03-13,91.0,18.0,07302,44.4,39.3,41.8,40.9,34.2,37.2,38.1,0.867,0.434,0.8332999999999999,0.0,0.0,26.4,13.9,1011.9,1.0,5.3,35.3,2.9,0.1,42556,1
2023-01-11,1656.0,33.0,07302,39.7,35.4,38.1,38.1,27.8,33.5,23.2,0.55,0.0,0.0,0.0,0.0,18.3,10.3,1023.2,0.873,9.9,47.2,4.0,0.2,34153,1
2023-04-21,1917.0,119.0,07030,68.4,51.0,58.9,68.4,51.0,58.9,45.1,0.612,0.0,0.0,0.0,0.0,25.3,11.4,1018.3,0.26,9.8,270.0,23.5,0.9,48787,1
2023-10-18,801.0,99.0,07030,62.4,54.2,58.2,62.4,54.2,58.2,48.9,0.715,0.0,0.0,0.0,0.0,35.8,5.3,1020.2,0.865,9.8,76.8,6.8,0.4,39679,1
2023-02-28,130.0,23.0,07302,37.9,33.4,35.7,36.9,22.6,29.2,33.7,0.923,0.114,0.625,2.9,2.5,26.5,18.8,1008.1,0.846,7.4,32.9,2.7,0.1,40453,1
2023-10-13,826.0,86.0,07310,66.1,54.1,60.0,66.1,54.1,60.0,43.8,0.561,0.0,0.0,0.0,0.0,41.4,10.0,1014.5,0.052,9.9,193.6,16.6,0.7,40462,1
2022-11-30,301.0,45.0,07030,57.8,39.5,48.4,57.8,34.9,46.8,40.5,0.748,0.436,0.3333,0.0,0.0,37.0,21.1,1013.6,0.7929999999999999,8.5,7.5,0.7,0.0,34173,1
2023-03-19,573.0,58.0,07030,42.7,30.2,35.9,37.2,22.0,28.5,10.5,0.346,0.0,0.0,0.0,0.0,30.3,14.5,1015.7,0.217,9.9,255.8,22.1,0.9,43536,0
2023-08-26,2000.0,135.0,07030,84.1,73.5,77.6,85.9,73.5,78.3,68.4,0.7490000000000001,0.186,0.125,0.0,0.0,12.8,6.6,1010.1,0.5429999999999999,8.9,0.0,0.0,0.0,48080,0
2023-03-02,241.0,37.0,07310,53.6,40.1,45.1,53.6,34.1,42.3,36.5,0.75,0.0,0.0,0.0,0.0,33.0,10.9,1007.0,0.635,6.4,80.8,7.1,0.5,40773,1
2023-08-18,3197.0,136.0,07030,80.7,67.9,75.1,81.0,67.9,75.1,62.3,0.675,0.537,0.2082999999999999,0.0,0.0,25.3,12.1,1007.5,0.68,9.2,227.2,19.6,0.9,49269,1
2023-04-01,850.0,48.0,07302,68.7,54.7,59.7,68.7,54.7,59.7,49.6,0.7120000000000001,0.082,0.375,0.0,0.0,35.6,15.4,1000.7,0.79,9.6,120.3,10.2,0.7,45650,0
2023-04-03,147.0,26.0,07302,57.6,39.9,48.6,57.6,35.0,46.5,28.4,0.462,0.0,0.0,0.0,0.0,35.2,12.9,1019.5,0.036,9.8,253.0,21.9,0.9,45972,1
2023-04-05,275.0,40.0,07302,56.1,47.3,51.2,56.1,43.2,50.0,48.7,0.916,0.0,0.0,0.0,0.0,26.3,17.2,1022.7,0.918,5.6,42.6,3.6,0.1,46293,1
2022-12-10,35.0,3.0,07310,39.8,31.2,36.2,35.8,23.0,30.4,21.4,0.55,0.0,0.0,0.0,0.0,20.8,10.8,1027.9,0.3929999999999999,9.9,85.6,7.4,0.5,33548,0
2023-03-23,754.0,76.0,07030,59.2,47.3,52.9,59.2,45.5,52.9,47.5,0.82,0.062,0.1667,0.0,0.0,25.3,9.9,1013.6,0.667,7.7,59.7,5.1,0.2,44189,1
2023-06-11,3203.0,166.0,07030,80.5,64.8,71.9,80.9,64.8,71.9,58.1,0.631,0.033,0.2082999999999999,0.0,0.0,32.2,7.3,1010.9,0.303,8.2,230.4,19.9,0.7,54168,0
2023-04-13,1750.0,97.0,07310,85.4,66.6,77.1,82.5,66.6,76.1,43.0,0.304,0.0,0.0,0.0,0.0,35.6,12.0,1010.6,0.009,9.9,279.3,24.2,0.9,47558,1
2023-03-16,286.0,34.0,07302,59.0,34.7,45.7,59.0,27.9,42.6,13.7,0.2769999999999999,0.0,0.0,0.0,0.0,24.2,10.6,1015.9,0.185,9.9,194.8,16.7,0.8,43046,1
2023-05-19,912.0,96.0,07030,68.4,52.7,59.9,68.4,52.7,59.9,46.9,0.631,0.0,0.0,0.0,0.0,35.8,15.3,1026.6,0.1,9.9,287.3,24.8,0.9,52474,1
2023-08-29,374.0,63.0,07302,78.3,69.1,73.5,78.3,69.1,73.5,66.3,0.782,0.008,0.0417,0.0,0.0,44.7,11.2,1014.0,0.758,9.9,0.0,0.0,0.0,47619,1
2023-01-22,509.0,43.0,07030,41.6,35.9,38.4,41.6,30.3,35.6,27.1,0.6459999999999999,0.352,0.2917,0.0,0.0,13.9,9.3,1018.6,0.904,8.4,47.0,4.2,0.3,35201,0
2023-08-30,809.0,74.0,07302,85.1,71.3,76.3,85.9,71.3,76.5,65.1,0.7140000000000001,0.053,0.125,0.0,0.0,28.7,7.5,1006.9,0.613,9.5,0.0,0.0,0.0,47464,1
2023-06-21,1311.0,91.0,07310,72.1,62.1,66.6,72.1,62.1,66.6,54.8,0.662,0.0,0.0,0.0,0.0,23.0,16.1,1024.4,0.5670000000000001,9.9,203.3,17.5,0.6,54345,1
2022-11-08,635.0,59.0,07310,58.3,47.3,52.4,58.3,43.4,51.2,24.6,0.35,0.0,0.0,0.0,0.0,31.1,12.6,1033.3,0.095,9.9,141.0,12.2,0.6,36583,1
2023-05-24,766.0,75.0,07310,76.3,55.2,63.0,76.3,55.2,63.0,43.8,0.507,0.014,0.125,0.0,0.0,50.6,12.8,1018.2,0.25,9.8,264.1,22.8,0.8,52969,1
2023-09-28,336.0,56.0,07302,65.6,57.4,60.6,65.6,57.4,60.6,54.0,0.79,0.03,0.1667,0.0,0.0,25.3,14.7,1024.8,0.934,9.6,69.4,5.9,0.3,42856,1
2023-04-23,1751.0,74.0,07302,67.1,55.1,59.4,67.1,55.1,59.4,48.2,0.7070000000000001,1.278,0.4583,0.0,0.0,32.9,13.0,1011.0,0.856,7.5,179.4,15.5,1.0,49081,0
2022-12-04,495.0,52.0,07030,45.0,38.1,41.5,45.0,32.4,37.6,21.5,0.45,0.0,0.0,0.0,0.0,25.1,12.3,1021.9,0.087,9.9,105.3,9.0,0.5,33878,0
2023-03-18,1533.0,70.0,07030,56.4,43.0,48.6,56.4,39.1,46.1,26.0,0.434,0.014,0.0833,0.0,0.0,42.1,13.1,1005.6,0.4379999999999999,9.8,227.6,19.7,0.8,43372,0
2023-09-05,989.0,93.0,07310,92.0,76.7,83.7,98.6,76.7,86.8,70.0,0.643,0.0,0.0,0.0,0.0,37.8,6.5,1012.9,0.085,9.8,224.8,19.4,0.9,46532,1
2023-01-18,122.0,29.0,07302,53.5,42.9,48.0,53.5,38.5,45.5,33.9,0.589,0.04,0.0833,0.0,0.0,29.0,16.7,1008.7,0.61,9.7,73.4,6.4,0.4,34785,1
2023-06-08,1726.0,36.0,07302,71.9,57.1,64.7,71.9,57.1,64.7,45.7,0.507,0.0,0.0,0.0,0.0,39.9,8.5,1006.0,0.531,6.1,207.0,17.8,0.8,54034,1
2023-10-25,546.0,78.0,07310,73.8,53.1,62.4,73.8,53.1,62.4,47.5,0.595,0.0,0.0,0.0,0.0,48.3,9.5,1025.6,0.054,9.9,156.9,13.7,0.6,38612,1
2022-11-27,184.0,23.0,07310,58.7,47.3,51.7,58.7,43.8,50.5,39.8,0.665,0.705,0.3333,0.0,0.0,27.7,15.0,1006.1,0.569,8.2,19.8,1.5,0.1,34430,0
2023-10-21,870.0,56.0,07030,63.9,57.6,60.1,63.9,57.6,60.1,53.0,0.789,0.274,0.375,0.0,0.0,30.0,11.4,993.3,0.8420000000000001,7.7,51.7,4.6,0.3,39216,0
2023-09-27,751.0,92.0,07030,64.6,52.2,59.2,64.6,52.2,59.2,47.0,0.643,0.0,0.0,0.0,0.0,25.3,15.0,1026.8,0.597,9.9,160.2,14.0,0.7,43018,1
2023-08-19,2873.0,64.0,07310,79.8,64.0,72.1,79.8,64.0,72.1,53.5,0.527,0.0,0.0,0.0,0.0,30.0,12.3,1014.9,0.226,9.9,0.0,0.0,0.0,49121,0
2023-07-30,3016.0,99.0,07302,82.3,66.7,74.5,81.5,66.7,74.4,55.6,0.535,0.0,0.0,0.0,0.0,24.2,8.9,1013.0,0.291,9.9,267.9,23.2,1.0,51792,0
2022-11-04,827.0,81.0,07310,70.9,51.9,60.7,70.9,51.9,60.7,53.8,0.792,0.0,0.0,0.0,0.0,18.8,6.9,1027.3,0.262,8.6,136.0,11.9,0.6,37127,1
2023-09-19,1418.0,120.0,07030,74.2,58.5,66.1,74.2,58.5,66.1,52.8,0.648,0.0,0.0,0.0,0.0,25.3,12.0,1013.5,0.134,9.9,217.9,18.9,0.8,44305,1
2023-09-24,14.0,2.0,07310,65.7,62.6,64.1,65.7,62.6,64.1,61.5,0.915,0.365,0.9583,0.0,0.0,30.5,19.7,1015.4,1.0,5.8,43.0,3.7,0.3,43500,0
2023-05-15,854.0,79.0,07310,73.5,55.0,64.6,73.5,55.0,64.6,35.3,0.346,0.0,0.0,0.0,0.0,48.3,14.1,1021.8,0.053,9.9,300.1,26.0,0.9,52026,1
2023-03-06,147.0,26.0,07302,53.4,39.9,46.7,53.4,34.9,45.0,22.6,0.4029999999999999,0.0,0.0,0.0,0.0,45.9,11.2,1018.7,0.23,9.9,177.3,15.3,0.6,41418,1
2023-02-05,317.0,33.0,07310,48.9,26.8,38.4,48.9,17.6,33.8,20.9,0.503,0.0,0.0,0.0,0.0,41.4,10.8,1022.4,0.096,9.9,115.8,10.0,0.5,36972,0
2022-11-07,714.0,55.0,07302,77.4,57.7,71.0,77.4,57.7,71.0,46.1,0.486,0.004,0.0417,0.0,0.0,28.6,12.8,1022.1,0.307,9.9,139.9,12.2,0.6,36719,1
2023-05-01,383.0,43.0,07302,61.1,49.8,56.3,61.1,44.6,55.7,41.3,0.595,0.034,0.1667,0.0,0.0,36.8,17.5,992.2,0.732,9.3,204.7,17.8,0.7,50231,1
2023-01-02,1167.0,74.0,07030,55.9,45.6,51.4,55.9,45.6,51.0,39.7,0.6459999999999999,0.02,0.0833,0.0,0.0,9.2,7.5,1019.2,0.485,9.6,43.8,3.6,0.3,33573,0
2022-11-20,678.0,43.0,07030,37.4,29.7,34.0,33.7,21.7,26.2,10.2,0.376,0.0,0.0,0.0,0.0,30.3,16.9,1019.9,0.147,9.9,121.3,10.5,0.5,35121,0
2023-06-10,1285.0,89.0,07310,78.8,58.6,68.4,78.8,58.6,68.4,50.4,0.542,0.007,0.0417,0.0,0.0,42.5,7.2,1008.6,0.369,9.7,282.0,24.4,1.0,54124,0
2023-06-25,867.0,56.0,07302,84.0,70.2,75.7,86.6,70.2,76.2,67.6,0.769,0.016,0.0833,0.0,0.0,31.1,10.5,1009.7,0.23,9.7,220.6,19.0,1.0,54310,0
2023-03-30,417.0,57.0,07310,47.8,32.4,40.6,46.1,25.6,36.1,16.4,0.3989999999999999,0.003,0.0417,0.0,0.0,47.0,10.2,1024.5,0.163,9.9,267.1,22.9,0.9,45327,1
2023-01-15,1765.0,39.0,07030,41.0,29.9,34.2,35.5,19.4,25.7,17.1,0.507,0.0,0.0,0.0,0.0,42.5,18.9,1015.4,0.361,9.9,111.7,9.7,0.5,34488,0
2023-09-15,1123.0,123.0,07030,69.9,58.7,64.1,69.9,58.7,64.1,49.4,0.593,0.0,0.0,0.0,0.0,44.6,11.0,1017.3,0.042,9.9,176.8,15.2,0.8,44946,1
2023-01-14,168.0,20.0,07302,38.0,32.4,34.8,31.2,22.2,25.9,22.6,0.609,0.0,0.0,0.0,0.0,31.1,21.9,1009.6,0.997,9.3,44.1,3.8,0.2,34405,0
2023-01-16,3073.0,51.0,07030,47.7,28.8,36.4,44.2,19.9,29.8,10.6,0.357,0.0,0.0,0.0,0.0,28.9,14.3,1011.9,0.2189999999999999,9.9,116.6,10.1,0.5,34582,0
2023-04-27,255.0,43.0,07302,56.9,51.3,53.4,56.9,51.3,53.4,44.6,0.721,0.0,0.0,0.0,0.0,40.3,7.7,1023.0,0.79,9.9,80.4,7.1,0.4,49665,1
2023-03-30,261.0,36.0,07302,48.1,32.6,40.8,47.1,26.1,36.4,16.6,0.4,0.002,0.0417,0.0,0.0,47.1,10.2,1024.6,0.1639999999999999,9.9,267.1,22.9,0.9,45327,1
2023-05-15,1244.0,114.0,07030,73.5,52.7,64.3,73.5,52.7,64.3,34.3,0.34,0.0,0.0,0.0,0.0,25.3,13.1,1021.6,0.03,9.9,300.1,26.0,0.9,52031,1
2023-01-14,407.0,40.0,07030,37.9,31.8,34.0,31.5,21.2,25.7,22.7,0.63,0.0,0.0,0.0,0.0,33.1,15.4,1009.6,0.999,9.3,44.1,3.8,0.2,34398,0
2023-03-07,374.0,48.0,07310,48.2,33.9,40.3,44.1,27.9,35.4,21.3,0.505,0.063,0.3333,0.8,0.2,42.5,16.8,1011.1,0.667,9.3,199.2,17.3,0.8,41580,1
2022-12-17,540.0,66.0,07030,44.1,36.7,40.1,38.0,30.2,34.2,27.1,0.611,0.0,0.0,0.0,0.0,28.9,13.1,1006.5,0.7020000000000001,9.9,64.5,5.5,0.4,33327,0
2023-01-13,325.0,41.0,07310,56.8,38.9,49.6,56.8,29.2,46.9,41.8,0.75,0.146,0.1667,0.0,0.0,36.9,20.8,1002.3,0.883,9.3,26.5,2.1,0.2,34315,1
2022-11-16,605.0,85.0,07030,49.8,39.7,44.0,45.6,32.5,38.9,35.9,0.746,0.393,0.375,0.0,0.0,33.3,13.2,1013.1,0.836,7.6,91.5,7.9,0.5,35574,1
2023-02-03,200.0,30.0,07030,34.6,12.5,24.1,26.7,-2.8,13.0,3.2,0.405,0.006,0.0417,0.0,0.0,38.7,15.9,1016.6,0.374,9.9,148.1,12.7,0.6,36693,1
2023-03-19,6839.0,28.0,07310,43.1,30.6,36.8,37.3,22.1,29.9,12.0,0.359,0.0,0.0,0.0,0.0,29.9,17.5,1016.0,0.2269999999999999,9.9,255.8,22.1,0.9,43536,0
2022-11-16,413.0,57.0,07310,50.3,39.8,44.5,50.3,32.9,39.5,35.9,0.737,0.407,0.375,0.0,0.0,31.1,13.3,1013.2,0.838,7.9,91.5,7.9,0.5,35577,1
2023-03-09,448.0,57.0,07310,53.2,34.3,42.3,53.2,26.5,38.7,25.7,0.526,0.013,0.0417,0.0,0.0,34.7,11.2,1021.6,0.155,9.9,218.5,18.8,0.8,41904,1
2023-03-03,144.0,28.0,07302,46.1,37.7,41.2,46.1,32.0,36.9,27.6,0.594,0.07,0.1667,0.0,0.0,35.6,18.3,1015.3,0.426,9.8,112.6,9.7,0.6,40934,1
2023-08-09,878.0,89.0,07310,87.6,69.9,78.1,86.2,69.9,77.8,58.2,0.519,0.007,0.0417,0.0,0.0,36.5,11.7,1006.9,0.241,9.9,0.0,0.0,0.0,50527,1
2023-09-17,100.0,5.0,07310,77.5,60.6,68.8,77.5,60.6,68.8,54.4,0.613,0.065,0.125,0.0,0.0,56.4,9.9,1013.8,0.283,9.4,212.3,18.4,1.0,44624,0
2022-11-07,746.0,83.0,07310,77.0,57.5,70.8,77.0,57.5,70.8,46.1,0.488,0.003,0.0417,0.0,0.0,28.6,12.8,1022.1,0.288,9.9,139.9,12.2,0.6,36716,1
2023-08-06,5518.0,197.0,07030,85.7,70.5,77.7,85.0,70.5,77.6,58.8,0.5329999999999999,0.0,0.0,0.0,0.0,42.5,10.4,1015.8,0.061,9.8,0.0,0.0,0.0,50929,0
2022-12-01,603.0,80.0,07030,42.4,35.6,38.9,35.9,27.9,32.4,18.5,0.437,0.0,0.0,0.0,0.0,31.1,20.8,1022.9,0.292,9.8,78.5,6.6,0.4,34094,1
2023-06-23,814.0,82.0,07310,70.4,65.1,67.4,70.4,65.1,67.4,63.4,0.872,0.016,0.0833,0.0,0.0,10.3,8.6,1017.0,0.974,9.0,62.5,5.3,0.2,54336,1
2022-11-10,792.0,94.0,07030,66.4,46.4,55.7,66.4,45.2,55.6,45.1,0.684,0.0,0.0,0.0,0.0,16.6,7.0,1027.7,0.031,9.9,130.4,11.3,0.5,36317,1
2023-10-26,810.0,86.0,07310,79.5,58.5,67.8,79.5,58.5,67.8,50.6,0.5489999999999999,0.0,0.0,0.0,0.0,49.4,8.7,1023.1,0.065,9.9,164.5,14.3,0.6,38461,1
2022-11-26,539.0,47.0,07310,57.1,42.8,49.4,57.1,37.8,46.9,26.1,0.406,0.0,0.0,0.0,0.0,36.8,13.9,1015.6,0.246,9.9,114.8,9.8,0.5,34522,0
2023-04-19,498.0,56.0,07302,65.1,45.0,52.9,65.1,41.6,51.4,29.9,0.427,0.0,0.0,0.0,0.0,25.3,15.3,1016.8,0.513,9.9,241.5,21.0,0.9,48481,1
2023-07-29,1295.0,95.0,07310,88.4,75.9,81.4,94.1,75.9,83.8,69.8,0.6859999999999999,0.024,0.0833,0.0,0.0,35.2,14.0,1009.0,0.361,9.7,261.2,22.7,0.8,51913,0
2023-04-02,564.0,35.0,07302,53.4,41.8,48.1,53.4,36.7,46.1,20.4,0.363,0.004,0.0417,0.0,0.0,41.1,10.6,1011.4,0.285,9.9,275.2,24.0,0.9,45811,0
2023-06-18,1195.0,88.0,07310,80.7,63.7,72.3,80.5,63.7,72.2,52.7,0.508,0.02,0.0833,0.0,0.0,50.8,11.0,1010.4,0.359,9.6,284.5,24.7,0.9,54329,0
2022-12-02,247.0,34.0,07302,45.0,31.6,38.7,42.5,26.7,36.0,22.6,0.526,0.0,0.0,0.0,0.0,16.1,7.8,1032.4,0.138,9.9,104.9,9.0,0.5,34026,1
2023-03-26,1196.0,70.0,07310,62.8,43.8,52.6,62.8,39.3,51.4,31.4,0.526,0.0,0.0,0.0,0.0,27.3,13.8,1011.5,0.268,8.3,255.3,21.8,0.9,44678,0
2023-07-31,2260.0,57.0,07302,82.4,68.6,75.6,81.5,68.6,75.5,55.2,0.499,0.014,0.0833,0.0,0.0,57.5,9.4,1014.9,0.2319999999999999,9.9,267.7,23.1,1.0,51674,1
2023-04-25,367.0,49.0,07302,58.6,47.6,53.7,58.6,45.2,53.3,33.7,0.474,0.0,0.0,0.0,0.0,39.1,7.8,1021.1,0.5539999999999999,9.9,179.5,15.4,0.8,49375,1
2023-01-15,269.0,32.0,07310,42.1,30.5,35.0,36.0,19.2,26.4,17.3,0.497,0.0,0.0,0.0,0.0,32.2,18.3,1015.4,0.405,9.9,111.7,9.7,0.5,34493,0
2023-01-20,528.0,78.0,07030,48.6,39.6,43.8,43.6,37.0,40.3,34.2,0.7020000000000001,0.002,0.0833,0.0,0.0,28.9,16.1,1005.2,0.8640000000000001,9.5,60.0,5.1,0.4,34984,1
2023-02-01,447.0,50.0,07310,40.0,28.3,33.5,34.1,19.4,27.4,16.5,0.518,0.008,0.125,0.2,0.0,29.8,11.8,1024.4,0.509,9.6,130.2,11.1,0.6,36429,1
2022-12-06,192.0,33.0,07030,56.6,40.6,50.4,56.6,37.2,49.6,45.6,0.835,0.736,0.4583,0.0,0.0,29.5,11.1,1025.5,0.8640000000000001,6.7,14.8,1.2,0.1,33752,1
2023-04-07,279.0,40.0,07302,61.8,46.2,54.2,61.8,43.8,54.0,23.0,0.304,0.0,0.0,0.0,0.0,35.0,11.6,1026.4,0.424,9.9,89.8,7.7,0.3,46611,1
2022-12-24,61.0,6.0,07310,15.2,7.3,11.3,3.5,-12.2,-4.3,-6.0,0.45,0.0,0.0,0.0,0.0,33.3,20.7,1009.0,0.22,9.9,88.2,7.6,0.4,33311,0
2022-12-10,549.0,62.0,07030,38.8,31.2,35.6,34.6,22.8,29.8,20.9,0.5529999999999999,0.0,0.0,0.0,0.0,20.8,10.5,1027.9,0.364,9.9,85.6,7.4,0.5,33544,0
2023-09-29,210.0,26.0,07310,62.3,59.8,61.2,62.3,59.8,61.2,58.4,0.905,1.691,0.8332999999999999,0.0,0.0,28.9,16.0,1021.1,1.0,6.3,26.6,2.2,0.1,42695,1
2023-02-05,399.0,48.0,07030,48.4,26.6,37.9,48.4,18.5,33.7,19.9,0.488,0.0,0.0,0.0,0.0,20.8,9.5,1022.0,0.066,9.9,115.8,10.0,0.5,36968,0
2022-11-05,857.0,63.0,07302,76.3,63.9,68.6,76.3,63.9,68.6,59.8,0.745,0.0,0.0,0.0,0.0,28.0,8.5,1023.5,0.628,9.9,112.3,9.7,0.5,36991,0
2023-02-23,349.0,53.0,07310,43.2,38.8,40.4,38.8,30.6,34.6,37.1,0.88,0.007,0.0833,0.0,0.0,20.8,13.9,1013.3,1.0,8.5,40.0,3.3,0.2,39659,1
2022-11-26,100.0,8.0,07302,57.6,42.7,49.5,57.6,37.7,46.8,26.2,0.406,0.0,0.0,0.0,0.0,36.8,14.9,1015.6,0.266,9.9,114.8,9.8,0.5,34525,0
2023-06-20,1129.0,114.0,07030,76.8,63.9,69.2,76.8,63.9,69.2,57.0,0.6629999999999999,0.0,0.0,0.0,0.0,20.8,8.8,1022.2,0.53,9.8,245.8,21.0,0.9,54348,1
2022-12-28,289.0,36.0,07030,46.9,33.0,39.4,44.8,27.1,35.7,21.4,0.49,0.0,0.0,0.0,0.0,23.0,14.5,1025.8,0.255,9.9,95.9,8.3,0.5,33385,1
2023-03-24,847.0,63.0,07310,57.7,44.1,49.7,57.7,39.4,48.7,31.7,0.505,0.0,0.0,0.0,0.0,43.6,8.8,1014.2,0.387,9.9,119.4,10.4,0.5,44352,1
2023-05-02,577.0,62.0,07030,56.2,47.3,51.4,56.2,44.0,50.7,39.6,0.6509999999999999,0.136,0.1667,0.0,0.0,40.3,16.9,995.8,0.747,9.8,135.1,11.8,0.6,50376,1
2022-11-28,229.0,35.0,07302,55.1,42.5,50.3,55.1,38.0,48.9,37.9,0.63,0.0,0.0,0.0,0.0,37.4,17.7,1006.2,0.377,9.9,72.0,6.0,0.4,34347,1
2022-11-15,192.0,36.0,07302,45.7,35.3,40.1,42.6,29.0,34.9,27.3,0.611,0.412,0.2082999999999999,0.0,0.0,29.8,12.3,1028.6,0.7170000000000001,9.1,50.3,4.3,0.3,35699,1
2023-07-09,874.0,63.0,07302,81.1,74.9,77.5,84.7,74.9,78.1,71.7,0.83,0.177,0.2917,0.0,0.0,33.4,11.7,1009.8,0.838,9.3,134.2,11.7,0.5,53749,0
2023-03-01,1912.0,75.0,07030,43.5,33.7,39.4,39.1,28.7,34.8,30.3,0.706,0.006,0.125,0.0,0.9,24.2,11.7,1018.6,0.516,9.2,134.3,11.7,0.7,40611,1
2023-08-23,706.0,71.0,07302,80.7,68.2,73.0,79.6,68.2,72.9,53.6,0.517,0.0,0.0,0.0,0.0,32.2,10.5,1019.9,0.19,9.9,0.0,0.0,0.0,48527,1
2023-07-02,867.0,63.0,07302,87.3,71.1,77.1,92.4,71.1,78.2,69.3,0.779,0.054,0.25,0.0,0.0,25.3,8.4,1011.5,0.728,8.7,169.0,14.5,0.8,54115,0
2023-05-18,952.0,99.0,07030,59.9,45.1,53.5,59.9,42.9,52.5,31.8,0.45,0.0,0.0,0.0,0.0,31.1,10.9,1025.4,0.012,9.9,312.7,27.1,1.0,52367,1
2023-05-21,1575.0,76.0,07302,71.0,56.1,64.8,71.0,56.1,64.8,50.2,0.608,0.019,0.0833,0.0,0.0,44.5,11.6,1014.0,0.547,9.6,204.1,17.6,0.8,52673,0
2023-09-09,869.0,62.0,07310,85.2,73.8,77.4,92.1,73.8,78.6,71.3,0.821,0.006,0.0833,0.0,0.0,19.7,8.1,1018.1,0.753,8.7,133.0,11.6,0.9,45901,0
2023-06-17,2695.0,108.0,07030,77.6,62.2,68.5,77.6,62.2,68.5,53.6,0.617,0.002,0.0417,0.0,0.0,32.1,10.0,1005.0,0.5489999999999999,8.8,241.6,21.0,0.8,54321,0
2023-01-04,496.0,47.0,07310,65.9,51.4,58.2,65.9,51.4,58.2,52.4,0.8140000000000001,0.021,0.125,0.0,0.0,15.0,8.6,1009.9,0.688,8.2,59.1,5.1,0.3,33679,1
2023-08-07,274.0,39.0,07302,80.9,68.3,75.0,84.4,68.3,75.4,69.3,0.8270000000000001,0.234,0.375,0.0,0.0,25.3,13.7,1011.7,0.906,8.5,166.3,14.4,1.0,50791,1
2023-01-10,382.0,52.0,07310,41.3,37.2,39.5,41.3,31.5,36.1,25.0,0.5589999999999999,0.0,0.0,0.0,0.0,16.1,8.1,1016.7,0.877,9.8,23.5,1.9,0.1,34072,1
2023-05-10,1197.0,86.0,07030,72.1,51.3,61.0,72.1,51.3,61.0,40.2,0.493,0.0,0.0,0.0,0.0,17.2,7.0,1020.1,0.024,9.9,302.5,26.1,0.9,51430,1
2023-03-08,130.0,31.0,07302,48.7,31.8,39.6,46.5,25.3,35.0,22.6,0.508,0.0,0.0,0.0,0.0,33.9,10.9,1020.4,0.195,9.9,213.0,18.3,0.8,41742,1
2023-09-06,694.0,98.0,07310,92.6,77.3,84.6,97.9,77.3,87.5,69.7,0.626,0.02,0.0833,0.0,0.0,45.9,5.5,1010.6,0.1169999999999999,9.6,250.5,21.5,0.8,46374,1
2023-06-15,1232.0,116.0,07030,77.2,61.3,69.4,77.2,61.3,69.4,53.7,0.583,0.039,0.0833,0.0,0.0,43.7,10.3,1003.1,0.428,9.9,233.0,20.1,0.7,54285,1
2022-12-25,195.0,4.0,07030,27.1,13.9,20.6,18.7,-1.3,9.6,4.3,0.491,0.0,0.0,0.0,0.0,28.9,14.3,1013.3,0.0409999999999999,9.9,99.1,8.6,0.5,33320,0
2022-12-03,354.0,55.0,07030,57.7,45.4,52.3,57.7,42.0,51.5,44.2,0.7509999999999999,0.488,0.375,0.0,0.0,30.2,16.1,1020.0,0.772,8.5,7.5,0.7,0.0,33947,0
2023-07-22,1133.0,78.0,07310,85.0,70.8,78.0,83.5,70.8,77.7,58.4,0.524,0.027,0.0833,0.0,0.0,51.9,9.3,1009.0,0.11,9.9,280.7,24.3,1.0,52674,0
2023-04-17,450.0,50.0,07302,66.3,53.9,58.5,66.3,53.9,58.5,47.2,0.721,0.003,0.0417,0.0,0.0,35.6,17.2,1003.3,0.8490000000000001,7.8,123.0,10.7,0.8,48176,1
2022-12-28,525.0,29.0,07302,47.7,32.2,39.7,43.6,25.9,36.0,21.7,0.495,0.0,0.0,0.0,0.0,23.0,16.1,1025.9,0.422,9.9,95.9,8.3,0.5,33394,1
2023-04-20,229.0,44.0,07302,63.7,47.2,54.3,63.7,43.4,53.3,36.0,0.51,0.0,0.0,0.0,0.0,12.8,10.3,1022.3,0.214,9.9,247.6,21.3,0.9,48632,1
2023-04-03,2139.0,62.0,07310,57.6,39.8,48.6,57.6,34.9,46.6,28.1,0.456,0.0,0.0,0.0,0.0,33.2,12.7,1019.4,0.034,9.8,253.0,21.9,0.9,45973,1
2023-02-16,403.0,56.0,07310,64.0,53.4,57.4,64.0,53.4,57.4,43.4,0.611,0.056,0.1667,0.0,0.0,24.2,9.1,1014.7,0.396,9.7,74.2,6.4,0.4,38576,1
2023-02-26,456.0,36.0,07310,51.7,30.1,38.6,51.7,23.0,34.0,26.3,0.625,0.026,0.0417,0.0,0.0,27.0,14.1,1013.3,0.287,9.5,100.5,8.7,0.6,40134,0
2023-03-31,767.0,77.0,07030,53.0,37.9,45.7,53.0,34.8,44.2,29.0,0.528,0.0,0.0,0.0,0.0,22.7,12.2,1022.9,0.634,9.9,139.1,12.0,0.6,45490,1
2023-07-02,749.0,56.0,07310,87.0,71.0,77.0,92.0,71.0,78.2,69.3,0.78,0.069,0.25,0.0,0.0,25.3,8.5,1011.4,0.7240000000000001,8.4,169.0,14.5,0.8,54119,0
2023-10-02,528.0,71.0,07302,79.3,65.6,70.6,79.3,65.6,70.6,58.7,0.669,0.0,0.0,0.0,0.0,40.3,8.1,1022.0,0.139,9.9,211.0,18.2,0.8,42215,1
2022-11-20,200.0,23.0,07310,37.6,29.9,34.1,33.2,21.7,26.4,10.0,0.374,0.0,0.0,0.0,0.0,32.4,18.6,1020.0,0.18,9.9,121.3,10.5,0.5,35124,0
2022-11-28,692.0,83.0,07030,54.7,41.8,49.9,54.7,38.0,48.0,37.6,0.63,0.0,0.0,0.0,0.0,32.2,17.3,1006.0,0.3,9.9,72.0,6.0,0.4,34338,1
2023-05-16,788.0,73.0,07310,78.1,57.1,68.9,78.1,57.1,68.9,42.1,0.406,0.0,0.0,0.0,0.0,40.2,15.6,1007.2,0.0559999999999999,9.9,282.0,24.4,1.0,52140,1
2023-04-16,1346.0,72.0,07302,69.4,56.4,62.4,69.4,56.4,62.4,55.9,0.8029999999999999,0.0,0.0,0.0,0.0,37.8,9.9,1010.0,0.797,7.6,193.9,16.8,0.7,48022,0
2022-12-19,317.0,33.0,07302,39.1,30.8,34.1,32.3,21.1,26.5,19.0,0.541,0.0,0.0,0.0,0.0,27.5,15.0,1022.7,0.28,9.9,90.7,7.9,0.5,33309,1
2023-08-02,1461.0,77.0,07302,80.8,67.9,73.5,79.8,67.9,73.4,51.8,0.475,0.014,0.0833,0.0,0.0,53.0,9.1,1022.6,0.175,9.9,271.0,23.4,1.0,51430,1
2023-01-08,2262.0,66.0,07030,40.7,32.8,37.0,39.7,27.0,33.1,21.7,0.5429999999999999,0.0,0.0,0.0,0.0,43.6,13.5,1024.4,0.105,9.9,86.4,7.4,0.4,33923,0
2023-04-05,820.0,91.0,07030,57.0,46.7,50.6,57.0,42.4,48.8,47.3,0.8859999999999999,0.0,0.0,0.0,0.0,27.7,15.9,1022.7,0.928,5.0,42.6,3.6,0.1,46294,1
2023-10-24,632.0,82.0,07030,65.4,48.7,56.2,65.4,47.8,56.0,44.0,0.645,0.0,0.0,0.0,0.0,38.0,8.3,1027.3,0.03,9.9,136.1,11.8,0.6,38759,1
2023-03-30,573.0,75.0,07030,46.2,31.4,39.5,43.2,22.3,34.1,15.7,0.401,0.01,0.0833,0.0,0.0,27.2,11.7,1024.3,0.154,9.9,267.1,22.9,0.9,45328,1
2023-08-20,1185.0,80.0,07302,86.6,66.5,76.6,85.5,66.5,76.5,57.6,0.531,0.0,0.0,0.0,0.0,18.3,8.4,1018.8,0.0559999999999999,9.9,0.0,0.0,0.0,48972,0
2023-10-21,317.0,39.0,07302,66.1,57.8,60.9,66.1,57.8,60.9,53.4,0.778,0.085,0.2917,0.0,0.0,42.5,15.2,993.5,0.8109999999999999,8.8,51.7,4.6,0.3,39219,0
2023-04-24,726.0,68.0,07310,61.6,45.8,53.6,61.6,43.1,53.1,33.1,0.479,0.0,0.0,0.0,0.0,26.2,8.7,1017.2,0.351,9.9,248.2,21.6,1.0,49230,1
2022-12-01,223.0,37.0,07302,43.2,36.0,39.4,36.4,29.1,32.6,18.6,0.429,0.0,0.0,0.0,0.0,32.2,23.0,1023.1,0.32,9.8,78.5,6.6,0.4,34102,1
2022-12-08,451.0,61.0,07310,54.3,43.6,50.5,54.3,40.1,49.0,38.1,0.631,0.0,0.0,0.0,0.0,26.4,17.2,1022.5,0.272,9.9,61.9,5.4,0.3,33645,1
2022-11-06,748.0,57.0,07302,75.1,66.5,70.3,75.1,66.5,70.3,61.8,0.748,0.0,0.0,0.0,0.0,26.4,8.5,1022.2,0.762,9.9,56.6,5.1,0.3,36854,0
2023-03-18,720.0,65.0,07310,56.7,43.2,49.1,56.7,39.2,47.1,26.7,0.4379999999999999,0.007,0.0833,0.0,0.0,48.0,17.4,1005.9,0.427,9.9,227.6,19.7,0.8,43372,0
2023-07-13,660.0,53.0,07302,88.0,76.4,82.7,95.7,76.4,86.2,69.0,0.637,0.0,0.0,0.0,0.0,51.7,15.4,1011.1,0.123,9.8,254.7,22.1,1.0,53468,1
2023-07-04,2304.0,80.0,07310,81.1,73.8,76.1,85.1,73.8,76.2,70.7,0.8370000000000001,0.174,0.25,0.0,0.0,34.4,5.2,1012.3,0.517,8.8,147.4,12.5,0.8,54032,0
2023-07-30,1686.0,113.0,07310,82.0,66.6,74.3,81.2,66.6,74.2,55.4,0.534,0.0,0.0,0.0,0.0,24.2,8.7,1013.0,0.283,9.9,267.9,23.2,1.0,51796,0
2023-09-02,1039.0,45.0,07302,80.0,63.3,70.9,80.0,63.3,70.9,57.1,0.626,0.0,0.0,0.0,0.0,36.8,9.4,1022.1,0.048,9.8,266.5,23.0,0.9,47000,0
2023-08-12,1504.0,113.0,07310,84.8,72.2,77.8,88.7,72.2,78.8,65.3,0.657,0.014,0.0833,0.0,0.0,13.9,10.1,1011.9,0.294,9.7,0.0,0.0,0.0,50118,0
2022-11-04,497.0,57.0,07302,71.2,51.5,60.6,71.2,51.5,60.6,53.7,0.79,0.0,0.0,0.0,0.0,18.8,6.9,1027.3,0.313,8.7,136.0,11.9,0.6,37129,1
2023-07-19,704.0,70.0,07302,81.7,73.7,76.3,85.0,73.7,76.6,67.3,0.738,0.0,0.0,0.0,0.0,48.3,13.7,1016.2,0.451,8.1,123.7,10.6,0.6,52961,1
2023-03-10,396.0,48.0,07030,44.9,35.7,40.6,43.1,29.8,36.9,29.6,0.6509999999999999,0.203,0.2082999999999999,0.0,0.0,17.2,8.0,1014.7,0.63,9.3,79.0,6.7,0.4,42066,1
2023-04-18,400.0,44.0,07302,57.3,47.0,52.6,57.3,42.1,51.8,30.0,0.421,0.0,0.0,0.0,0.0,33.3,23.0,1007.7,0.498,9.9,125.8,11.0,0.5,48329,1
2023-03-22,420.0,59.0,07310,60.6,45.4,51.3,60.6,42.2,50.3,31.0,0.479,0.0,0.0,0.0,0.0,34.4,8.3,1026.6,0.282,9.9,195.6,16.9,0.8,44026,1
2023-03-23,479.0,61.0,07310,58.0,47.5,52.7,58.0,45.3,52.6,47.4,0.8270000000000001,0.026,0.125,0.0,0.0,53.9,10.4,1013.8,0.659,8.8,59.7,5.1,0.2,44189,1
2022-11-01,1876.0,48.0,07302,68.0,59.4,62.7,68.0,59.4,62.7,57.2,0.8290000000000001,0.139,0.2082999999999999,0.0,0.0,15.7,9.2,1016.3,0.7759999999999999,7.5,70.6,6.0,0.4,37551,1
2023-04-07,531.0,65.0,07030,60.6,45.8,53.7,60.6,42.8,53.2,21.5,0.292,0.0,0.0,0.0,0.0,25.3,11.9,1026.2,0.3989999999999999,9.9,89.8,7.7,0.3,46614,1
2023-08-30,1596.0,83.0,07310,84.7,71.2,76.3,85.7,71.2,76.4,65.0,0.7120000000000001,0.075,0.125,0.0,0.0,28.7,8.0,1006.9,0.608,9.5,0.0,0.0,0.0,47466,1
2023-06-30,845.0,89.0,07310,83.8,69.3,76.0,83.7,69.3,76.1,62.0,0.639,0.021,0.125,0.0,0.0,46.1,11.3,1017.5,0.126,4.9,264.3,22.9,0.8,54193,1
2023-02-21,458.0,58.0,07030,49.8,37.4,42.4,46.5,30.4,39.2,34.3,0.738,0.216,0.375,0.0,0.0,19.7,11.4,1004.7,0.74,8.7,47.1,4.1,0.3,39344,1
2022-11-19,308.0,46.0,07302,40.7,30.9,36.1,37.8,23.9,30.2,17.0,0.461,0.0,0.0,0.0,0.0,31.1,13.1,1021.3,0.063,9.9,116.4,10.0,0.5,35238,0
2023-01-06,371.0,41.0,07030,47.6,39.8,44.2,45.4,34.2,41.2,37.8,0.787,0.27,0.25,0.0,0.0,23.0,11.3,1015.5,0.922,7.7,31.3,2.8,0.2,33791,1
2023-10-25,403.0,67.0,07302,74.2,53.0,62.5,74.2,53.0,62.5,47.7,0.599,0.0,0.0,0.0,0.0,48.3,9.7,1025.6,0.057,9.9,156.9,13.7,0.6,38613,1
2023-01-25,118.0,22.0,07302,54.7,35.6,40.7,54.7,30.4,37.4,30.6,0.687,0.782,0.4167,0.0,0.0,28.9,14.8,1019.3,0.631,7.7,24.4,2.1,0.1,35553,1
2023-02-09,175.0,30.0,07302,53.2,39.4,46.5,53.2,37.5,45.5,36.5,0.684,0.0,0.0,0.0,0.0,46.9,7.9,1021.1,0.6729999999999999,9.8,30.9,2.6,0.1,37541,1
2023-10-23,876.0,76.0,07310,64.0,48.4,54.8,64.0,45.8,54.2,39.3,0.563,0.0,0.0,0.0,0.0,32.6,8.1,1019.5,0.102,9.9,166.8,14.4,0.7,38914,1
2023-08-14,1117.0,111.0,07310,88.0,73.2,78.9,89.7,73.2,79.4,64.3,0.618,0.0,0.0,0.0,0.0,39.1,10.6,1014.2,0.203,9.9,0.0,0.0,0.0,49838,1
2022-12-14,6.0,1.0,07310,38.8,31.1,34.3,36.2,22.8,27.4,17.3,0.503,0.0,0.0,0.0,0.0,24.2,13.9,1020.6,0.151,9.9,97.0,8.3,0.5,33401,1
2022-12-28,314.0,37.0,07310,47.5,32.7,39.8,45.0,26.3,36.1,21.6,0.49,0.0,0.0,0.0,0.0,23.0,16.1,1025.9,0.365,9.9,95.9,8.3,0.5,33390,1
2023-08-23,986.0,102.0,07310,80.5,67.9,72.8,79.5,67.9,72.7,53.4,0.515,0.0,0.0,0.0,0.0,32.2,10.0,1019.9,0.186,9.9,0.0,0.0,0.0,48529,1
2022-11-13,718.0,50.0,07302,61.2,42.5,51.1,61.2,38.6,49.2,38.7,0.638,0.041,0.2917,0.0,0.0,28.0,21.9,1012.0,0.792,9.9,69.4,6.0,0.5,35943,0
2023-05-16,1228.0,110.0,07030,77.9,57.7,69.3,77.9,57.7,69.3,40.6,0.376,0.0,0.0,0.0,0.0,25.9,14.0,1007.0,0.038,9.9,282.0,24.4,1.0,52145,1
2023-07-12,977.0,96.0,07310,90.7,74.2,82.7,90.8,74.2,83.1,62.5,0.516,0.007,0.0417,0.0,0.0,50.5,8.3,1013.1,0.078,9.9,288.6,25.0,1.0,53547,1
2023-04-22,1619.0,80.0,07310,67.4,51.9,58.3,67.4,51.9,58.3,52.0,0.8029999999999999,0.184,0.125,0.0,0.0,25.3,13.3,1014.0,0.765,8.8,220.5,19.1,0.8,48934,0
2023-07-23,1812.0,79.0,07302,90.0,72.1,79.6,89.4,72.1,79.7,60.9,0.539,0.0,0.0,0.0,0.0,41.4,7.8,1014.1,0.13,9.9,281.0,24.2,1.0,52568,0
2023-04-26,634.0,69.0,07310,57.4,48.5,53.2,57.4,45.5,52.8,38.4,0.58,0.0,0.0,0.0,0.0,33.3,9.0,1023.4,0.562,9.9,206.3,17.8,0.8,49523,1
2023-10-20,325.0,36.0,07030,63.4,59.4,61.4,63.4,59.4,61.4,58.2,0.892,0.588,0.7082999999999999,0.0,0.0,25.3,9.5,1007.1,0.927,6.8,26.8,2.3,0.2,39370,1
2022-11-22,520.0,55.0,07310,51.7,36.3,43.8,51.7,31.0,40.3,21.8,0.423,0.0,0.0,0.0,0.0,22.8,10.6,1025.7,0.061,9.9,115.4,9.9,0.5,34913,1
2022-12-31,523.0,26.0,07030,54.1,48.5,51.0,54.1,46.9,50.8,47.6,0.883,0.268,0.4167,0.0,0.0,11.4,5.1,1015.5,0.901,4.5,14.1,1.1,0.1,33486,0
2023-01-02,462.0,23.0,07302,56.7,45.6,51.7,56.7,42.8,51.2,40.3,0.654,0.035,0.125,0.0,0.0,9.2,7.4,1019.3,0.624,9.5,43.8,3.6,0.3,33581,0
2023-10-31,225.0,40.0,07302,54.2,48.1,51.0,54.2,45.4,50.5,36.6,0.581,0.0,0.0,0.0,0.0,40.3,13.4,1017.8,0.6609999999999999,9.9,110.4,9.5,0.6,37730,1
2023-07-16,314.0,24.0,07302,78.7,75.0,77.0,78.7,75.0,77.0,75.0,0.939,0.692,0.4583,0.0,0.0,13.9,9.2,1010.1,0.8759999999999999,8.4,66.0,5.9,0.4,53227,0
2023-05-11,733.0,76.0,07310,79.7,56.5,68.5,79.7,56.5,68.5,41.2,0.384,0.0,0.0,0.0,0.0,46.0,10.2,1019.0,0.046,9.8,290.0,25.0,0.9,51549,1
2023-01-03,394.0,47.0,07030,55.5,46.8,51.3,55.5,45.7,51.0,48.0,0.888,0.393,0.2917,0.0,0.0,13.9,7.4,1014.4,0.8959999999999999,5.1,16.2,1.5,0.1,33621,1
2023-04-30,52.0,11.0,07302,60.2,50.4,54.8,60.2,50.4,54.8,53.3,0.946,2.138,0.5,0.0,0.0,27.5,13.5,999.4,1.0,2.9,42.8,3.6,0.2,50092,0
2023-10-23,1158.0,80.0,07030,61.4,47.6,53.4,61.4,43.5,52.0,38.3,0.5710000000000001,0.0,0.0,0.0,0.0,23.4,10.2,1019.3,0.108,9.9,166.8,14.4,0.7,38911,1
2023-05-23,786.0,90.0,07310,67.5,56.4,60.7,67.5,56.4,60.7,47.3,0.628,0.0,0.0,0.0,0.0,45.0,10.7,1026.5,0.332,9.9,277.2,24.0,0.9,52875,1
2022-12-30,440.0,30.0,07302,62.1,44.9,51.2,62.1,41.3,50.5,33.1,0.505,0.0,0.0,0.0,0.0,11.4,6.5,1024.4,0.304,9.6,95.3,8.4,0.4,33457,1
2023-07-27,1100.0,106.0,07310,90.3,74.9,83.0,99.5,74.9,87.1,71.4,0.6920000000000001,0.026,0.125,0.0,0.0,55.5,16.2,1014.3,0.419,9.5,208.6,18.0,0.9,52141,1
2023-07-31,1697.0,125.0,07310,82.4,68.4,75.5,81.5,68.4,75.4,54.9,0.496,0.014,0.0833,0.0,0.0,57.5,8.8,1014.9,0.214,9.9,267.7,23.1,1.0,51677,1
2023-02-22,418.0,62.0,07030,43.0,37.3,39.7,42.3,30.3,35.7,27.1,0.625,0.135,0.2082999999999999,0.0,0.0,16.1,10.5,1018.0,0.5870000000000001,9.3,50.0,4.1,0.3,39500,1
2023-04-30,51.0,4.0,07030,60.3,50.0,54.1,60.3,45.8,53.8,52.9,0.956,2.049,0.5417000000000001,0.0,0.0,26.4,12.9,999.5,1.0,2.8,42.8,3.6,0.2,50097,0
2023-09-14,1074.0,122.0,07030,77.6,65.8,71.3,77.6,65.8,71.3,54.2,0.568,0.008,0.0833,0.0,0.0,58.8,9.0,1016.7,0.238,9.9,251.3,21.8,0.8,45106,1
2022-12-11,352.0,35.0,07030,39.5,33.0,36.9,34.6,26.1,30.9,31.2,0.8009999999999999,0.288,0.4167,0.1,0.0,20.8,12.2,1023.0,0.999,7.7,11.8,1.0,0.1,33501,0
2023-04-07,458.0,56.0,07310,61.6,46.2,54.2,61.6,43.8,53.9,22.7,0.301,0.0,0.0,0.0,0.0,33.0,11.3,1026.4,0.414,9.9,89.8,7.7,0.3,46612,1
2023-03-24,206.0,34.0,07302,57.6,44.1,49.7,57.6,39.4,48.7,31.8,0.507,0.0,0.0,0.0,0.0,43.6,8.9,1014.2,0.402,9.9,119.4,10.4,0.5,44352,1
2023-04-14,1202.0,68.0,07302,90.4,64.6,78.6,86.6,64.6,77.3,43.0,0.298,0.0,0.0,0.0,0.0,20.8,11.8,1010.8,0.238,9.9,269.5,23.4,0.9,47712,1
2023-03-26,3234.0,148.0,07030,62.2,43.4,52.3,62.2,38.6,51.2,30.6,0.516,0.0,0.0,0.0,0.0,25.6,12.9,1011.2,0.26,8.1,255.3,21.8,0.9,44679,0
2023-08-21,1174.0,122.0,07030,87.0,72.4,79.9,89.6,72.4,81.1,64.3,0.595,0.0,0.0,0.0,0.0,33.3,7.9,1017.1,0.273,9.8,0.0,0.0,0.0,48829,1
2023-04-17,498.0,68.0,07310,66.4,53.9,58.5,66.4,53.9,58.5,47.1,0.7190000000000001,0.003,0.0417,0.0,0.0,35.6,17.2,1003.3,0.8490000000000001,7.6,123.0,10.7,0.8,48177,1
2023-01-30,408.0,51.0,07310,54.9,41.9,47.2,54.9,39.3,45.6,35.7,0.647,0.0,0.0,0.0,0.0,10.3,8.6,1020.6,0.266,9.9,108.0,9.3,0.5,36168,1
2023-10-04,784.0,85.0,07310,82.1,65.8,72.3,83.5,65.8,72.5,62.2,0.716,0.0,0.0,0.0,0.0,40.3,7.3,1022.2,0.019,9.3,204.3,17.7,0.7,41893,1
2023-02-06,543.0,69.0,07030,52.0,35.5,43.4,52.0,30.5,40.9,28.2,0.556,0.008,0.0833,0.0,0.0,26.8,13.6,1016.8,0.432,9.9,105.8,9.2,0.6,37108,1
2023-07-05,2421.0,124.0,07030,91.4,72.3,81.4,93.2,72.3,82.7,67.6,0.66,0.0,0.0,0.0,0.0,16.1,6.0,1014.6,0.04,7.5,306.7,26.6,0.9,53987,1
2023-07-01,1408.0,81.0,07302,81.1,69.2,74.6,81.8,69.2,74.8,61.1,0.635,0.007,0.0417,0.0,0.0,49.8,12.6,1017.1,0.265,8.5,256.9,22.3,0.8,54154,0
2023-06-18,2478.0,126.0,07030,80.4,63.3,71.7,80.1,63.3,71.7,52.6,0.515,0.01,0.0833,0.0,0.0,47.1,10.1,1010.2,0.358,9.4,284.5,24.7,0.9,54334,0
2023-05-03,509.0,60.0,07310,57.2,47.7,51.6,57.2,43.7,50.5,38.1,0.608,0.0,0.0,0.0,0.0,24.2,9.4,999.5,0.752,9.9,131.2,11.4,0.4,50509,1
2023-08-22,1276.0,115.0,07310,79.8,69.3,75.1,79.8,69.3,75.1,56.4,0.529,0.0,0.0,0.0,0.0,24.2,14.6,1018.3,0.369,9.9,0.0,0.0,0.0,48679,1
2022-11-11,642.0,37.0,07302,69.1,58.6,63.9,69.1,58.6,63.9,59.7,0.865,0.825,0.4167,0.0,0.0,36.5,9.5,1014.4,0.963,7.1,28.5,2.5,0.2,36194,0
2023-08-21,774.0,87.0,07310,88.3,72.2,80.5,92.0,72.2,81.9,65.1,0.602,0.0,0.0,0.0,0.0,42.9,7.6,1017.2,0.272,9.8,0.0,0.0,0.0,48827,1
2023-02-28,186.0,26.0,07030,37.3,32.5,35.0,37.3,22.4,29.5,32.4,0.903,0.282,0.6667000000000001,3.6,2.8,27.5,15.8,1007.9,0.8590000000000001,5.7,33.0,2.7,0.1,40450,1
2023-04-28,354.0,37.0,07310,55.2,48.5,51.9,55.2,43.0,51.3,42.4,0.711,0.062,0.125,0.0,0.0,24.2,14.5,1021.0,0.546,9.5,77.1,6.5,0.3,49811,1
2023-07-17,1282.0,83.0,07310,88.9,74.3,80.9,92.7,74.3,82.7,70.6,0.7340000000000001,0.0,0.0,0.0,0.0,27.7,9.9,1012.7,0.255,9.1,261.2,22.7,0.9,53145,1
2023-03-12,1332.0,25.0,07302,47.0,34.9,40.6,44.8,29.4,36.6,27.0,0.597,0.0,0.0,0.0,0.0,31.1,8.4,1016.6,0.174,9.9,155.3,12.9,0.5,42393,0
2023-07-19,1365.0,122.0,07030,80.3,73.1,75.9,83.0,73.1,76.0,66.8,0.738,0.019,0.0833,0.0,0.0,46.1,9.8,1016.0,0.4429999999999999,6.9,123.7,10.6,0.6,52968,1
2023-01-01,1379.0,82.0,07030,53.7,48.9,51.4,53.7,46.7,51.2,39.8,0.665,0.015,0.125,0.0,0.0,21.9,11.2,1012.2,0.292,9.4,96.4,8.4,0.4,33527,0
2022-11-30,475.0,44.0,07310,58.5,39.9,48.9,58.5,35.2,47.4,40.9,0.747,0.384,0.375,0.0,0.0,36.8,21.9,1013.7,0.812,8.5,7.5,0.7,0.0,34177,1
2023-10-05,601.0,66.0,07302,76.1,62.8,69.1,76.1,62.8,69.1,60.1,0.735,0.0,0.0,0.0,0.0,42.5,9.7,1023.2,0.076,9.7,201.0,17.3,0.7,41734,1
2022-11-10,356.0,53.0,07302,67.5,46.1,56.1,67.5,44.9,55.9,45.4,0.68,0.0,0.0,0.0,0.0,16.6,8.6,1027.7,0.127,9.9,130.4,11.3,0.5,36324,1
2023-02-03,1253.0,25.0,07310,35.2,13.4,25.4,28.3,2.0,16.2,5.6,0.429,0.013,0.0417,0.0,0.0,39.3,13.3,1016.9,0.351,9.9,148.1,12.7,0.6,36697,1
2023-01-16,143.0,23.0,07302,48.7,29.0,37.1,45.0,19.4,30.5,10.1,0.3429999999999999,0.0,0.0,0.0,0.0,24.2,14.6,1012.0,0.259,9.9,116.6,10.1,0.5,34589,0
2023-02-16,485.0,68.0,07030,66.1,54.8,58.7,66.1,54.8,58.7,42.9,0.574,0.059,0.125,0.0,0.0,24.2,9.9,1014.4,0.3779999999999999,9.6,74.2,6.4,0.4,38574,1
2023-09-28,586.0,74.0,07310,65.4,57.4,60.4,65.4,57.4,60.4,53.9,0.7929999999999999,0.04,0.1667,0.0,0.0,25.4,14.3,1024.8,0.932,9.5,69.4,5.9,0.3,42857,1
2022-12-12,156.0,23.0,07302,38.4,29.4,33.8,31.6,21.4,26.8,27.1,0.765,0.014,0.0833,0.5,0.0,20.8,11.5,1021.4,0.688,8.9,62.3,5.4,0.4,33470,1
2022-12-29,458.0,48.0,07030,49.6,38.6,44.1,48.0,34.5,40.8,25.6,0.48,0.0,0.0,0.0,0.0,19.7,8.2,1025.6,0.063,9.9,84.7,7.3,0.4,33414,1
2023-07-08,1165.0,75.0,07310,87.3,75.2,78.8,92.4,75.2,80.1,71.6,0.7929999999999999,0.0,0.0,0.0,0.0,39.1,9.6,1010.8,0.607,9.4,205.6,17.9,0.9,53816,0
2022-11-18,311.0,41.0,07302,44.2,33.3,38.8,38.6,27.5,32.9,21.5,0.513,0.0,0.0,0.0,0.0,31.5,17.2,1019.0,0.311,9.9,114.2,9.8,0.5,35349,1
2023-05-05,519.0,58.0,07302,63.1,50.3,55.4,63.1,50.3,55.4,44.7,0.6859999999999999,0.001,0.0417,0.0,0.0,40.3,11.4,1021.9,0.5660000000000001,9.8,201.6,17.2,0.9,50777,1
2023-02-13,201.0,32.0,07302,57.1,40.9,48.4,57.1,33.8,46.0,19.4,0.33,0.015,0.0417,0.0,0.0,41.4,15.2,1003.3,0.418,9.9,152.5,12.9,0.6,38127,1
2023-10-16,287.0,41.0,07302,66.8,48.5,56.9,66.8,45.7,56.6,45.3,0.6609999999999999,0.0,0.0,0.0,0.0,34.4,8.4,1003.7,0.3829999999999999,9.9,116.7,10.0,0.8,39993,1
2023-03-17,290.0,39.0,07302,59.0,46.8,52.7,59.0,45.2,52.5,28.2,0.3939999999999999,0.0,0.0,0.0,0.0,25.3,13.2,1006.7,0.5820000000000001,9.9,128.8,11.2,0.6,43209,1
2023-06-21,1429.0,111.0,07030,71.9,61.9,66.3,71.9,61.9,66.3,54.5,0.662,0.0,0.0,0.0,0.0,24.0,15.4,1024.3,0.563,9.9,203.3,17.5,0.6,54350,1
2023-02-08,520.0,71.0,07030,54.0,37.7,45.6,54.0,34.0,43.1,28.7,0.541,0.015,0.125,0.0,0.0,28.1,10.5,1022.1,0.157,9.3,148.3,12.8,0.6,37392,1
2023-01-28,3444.0,58.0,07310,51.9,36.1,44.1,51.9,30.4,40.7,23.9,0.452,0.02,0.0417,0.0,0.0,59.7,13.4,1023.7,0.302,9.9,106.9,9.3,0.5,35914,0
2023-05-10,837.0,85.0,07310,72.2,52.8,61.4,72.2,52.8,61.4,41.5,0.505,0.0,0.0,0.0,0.0,53.9,8.6,1020.3,0.044,9.9,302.5,26.1,0.9,51425,1
2023-04-08,1129.0,65.0,07030,51.6,37.6,44.9,51.6,32.0,42.6,18.6,0.354,0.0,0.0,0.0,0.0,24.2,8.7,1031.5,0.076,9.9,228.1,19.8,0.8,46773,0
2023-03-11,347.0,34.0,07030,43.9,35.7,40.1,38.7,30.3,34.7,33.3,0.777,0.316,0.4583,0.0,0.0,25.5,12.0,1008.0,0.974,8.6,64.8,5.7,0.4,42229,0
2023-09-01,946.0,76.0,07302,77.5,63.6,70.0,77.5,63.6,70.0,50.6,0.511,0.0,0.0,0.0,0.0,29.8,12.0,1024.3,0.02,9.9,83.0,7.2,0.8,47155,1
2023-08-01,779.0,73.0,07302,80.9,69.4,75.0,79.9,69.4,74.9,52.6,0.471,0.0,0.0,0.0,0.0,20.8,10.6,1019.6,0.37,9.9,294.8,25.4,1.0,51553,1
2023-08-08,989.0,101.0,07310,79.9,70.8,74.7,79.9,70.8,74.7,64.9,0.728,0.003,0.0417,0.0,0.0,42.1,17.1,1004.6,0.857,9.9,207.6,17.8,1.0,50662,1
2023-08-27,1382.0,88.0,07302,86.0,70.9,77.4,86.9,70.9,77.7,63.0,0.622,0.0,0.0,0.0,0.0,34.4,8.7,1013.1,0.135,9.9,0.0,0.0,0.0,47924,0
2022-12-02,443.0,60.0,07310,45.3,31.7,38.7,42.9,26.8,35.9,22.5,0.524,0.0,0.0,0.0,0.0,16.1,7.5,1032.4,0.105,9.9,104.9,9.0,0.5,34023,1
2023-03-15,483.0,65.0,07030,44.2,34.0,38.2,37.1,23.7,29.3,19.9,0.483,0.0,0.0,0.0,0.0,40.2,21.0,1008.8,0.159,9.9,214.9,18.7,0.8,42881,1
2023-10-18,518.0,62.0,07302,63.6,56.1,59.6,63.6,56.1,59.6,49.6,0.698,0.0,0.0,0.0,0.0,41.4,6.2,1020.4,0.865,9.7,76.8,6.8,0.4,39681,1
2023-05-25,533.0,56.0,07302,69.6,51.8,60.7,69.6,51.8,60.7,39.6,0.475,0.002,0.0417,0.0,0.0,39.3,12.2,1020.1,0.158,9.9,326.6,28.0,1.0,53057,1
2023-08-13,3030.0,141.0,07030,86.9,69.7,78.6,88.8,69.7,79.3,66.0,0.6779999999999999,0.43,0.2082999999999999,0.0,0.0,35.6,10.3,1011.5,0.452,9.4,0.0,0.0,0.0,49982,0
2023-05-31,1329.0,114.0,07030,74.9,52.6,63.3,74.9,52.6,63.3,49.7,0.643,0.0,0.0,0.0,0.0,36.9,8.1,1022.3,0.035,9.6,316.9,27.5,1.0,53560,1
2023-06-24,2058.0,76.0,07302,78.9,68.3,72.8,78.9,68.3,72.8,68.1,0.857,0.066,0.2082999999999999,0.0,0.0,16.1,9.8,1011.1,0.737,7.9,159.6,13.9,0.6,54322,0
2023-08-29,1146.0,108.0,07030,78.2,68.5,73.4,78.2,68.5,73.4,65.9,0.778,0.004,0.0417,0.0,0.0,12.8,8.6,1013.9,0.765,9.9,0.0,0.0,0.0,47622,1
2023-01-11,603.0,67.0,07030,38.9,34.9,37.2,37.1,27.5,32.2,22.5,0.552,0.0,0.0,0.0,0.0,18.3,9.6,1023.2,0.838,9.9,47.2,4.0,0.2,34146,1
2022-11-15,434.0,61.0,07030,45.4,35.0,39.7,42.1,30.3,35.3,26.7,0.607,0.406,0.2082999999999999,0.0,0.0,29.8,11.9,1028.6,0.677,9.1,50.3,4.3,0.3,35692,1
2023-05-26,2503.0,120.0,07030,72.8,53.5,63.6,72.8,53.5,63.6,37.5,0.4,0.0,0.0,0.0,0.0,21.7,10.3,1024.3,0.031,9.9,324.2,27.9,1.0,53156,1
2023-10-05,832.0,89.0,07310,76.1,62.8,69.0,76.1,62.8,69.0,60.0,0.736,0.0,0.0,0.0,0.0,42.5,9.3,1023.1,0.07,9.7,201.0,17.3,0.7,41733,1
2023-01-18,867.0,68.0,07030,52.0,43.2,47.5,52.0,39.1,44.5,33.6,0.593,0.041,0.0833,0.0,0.0,25.8,17.2,1008.6,0.568,9.8,73.5,6.4,0.4,34778,1
2023-07-06,659.0,58.0,07302,88.4,75.4,81.2,93.4,75.4,82.6,69.7,0.6970000000000001,0.014,0.0833,0.0,0.0,37.5,9.6,1013.8,0.066,9.8,304.7,26.4,0.9,53926,1
2023-01-31,113.0,21.0,07302,47.6,33.6,39.0,45.8,24.7,34.7,26.7,0.626,0.023,0.1667,0.0,0.0,49.4,12.4,1021.9,0.99,9.8,36.2,3.1,0.2,36301,1
2023-01-30,668.0,84.0,07030,54.2,42.3,47.5,54.2,40.1,46.4,35.5,0.635,0.0,0.0,0.0,0.0,19.7,8.5,1020.3,0.249,9.9,108.0,9.3,0.5,36165,1
2023-01-23,298.0,35.0,07030,38.9,35.8,37.5,38.5,26.0,30.9,32.5,0.826,0.558,0.7082999999999999,0.0,0.0,29.6,17.8,1004.0,0.998,6.7,21.0,1.8,0.1,35314,1
2023-05-12,467.0,52.0,07302,84.3,61.2,74.1,82.1,61.2,73.4,47.8,0.414,0.0,0.0,0.0,0.0,50.5,12.5,1017.5,0.175,9.8,284.4,24.6,1.0,51669,1
2023-07-05,854.0,99.0,07310,91.5,72.9,81.4,94.0,72.9,82.9,68.4,0.679,0.0,0.0,0.0,0.0,50.6,5.7,1014.8,0.033,7.6,306.7,26.6,0.9,53982,1
2023-07-16,1111.0,47.0,07310,78.7,74.9,76.9,78.7,74.9,76.9,74.9,0.935,0.742,0.4583,0.0,0.0,13.9,8.6,1010.1,0.873,8.3,66.0,5.9,0.4,53230,0
2022-11-06,609.0,66.0,07310,74.8,66.5,70.2,74.8,66.5,70.2,61.8,0.7490000000000001,0.0,0.0,0.0,0.0,26.4,7.5,1022.2,0.741,9.9,56.6,5.1,0.3,36851,0
2023-06-05,5852.0,112.0,07030,75.0,56.1,65.9,75.0,56.1,65.9,45.3,0.49,0.004,0.0417,0.0,0.0,22.5,9.1,1011.6,0.449,9.7,238.7,20.6,0.8,53886,1
2023-06-16,470.0,52.0,07302,79.8,65.0,68.9,79.8,65.0,68.9,56.2,0.652,0.328,0.2082999999999999,0.0,0.0,51.7,9.9,1006.3,0.371,9.5,180.9,15.7,0.8,54295,1
2023-04-20,596.0,65.0,07310,63.8,46.9,54.2,63.8,43.5,53.3,35.7,0.507,0.0,0.0,0.0,0.0,11.4,10.3,1022.2,0.1969999999999999,9.9,247.6,21.3,0.9,48634,1
2023-02-26,195.0,27.0,07302,51.8,30.1,38.7,51.8,23.0,33.9,26.4,0.629,0.029,0.0417,0.0,0.0,28.3,14.8,1013.3,0.287,9.6,100.5,8.7,0.6,40135,0
2023-05-08,1496.0,112.0,07030,76.9,58.1,67.8,76.9,58.1,67.8,46.4,0.503,0.0,0.0,0.0,0.0,27.7,9.4,1008.4,0.3289999999999999,9.9,295.3,25.6,0.9,51175,1
2023-03-01,286.0,44.0,07310,43.4,34.9,40.1,40.0,29.4,35.2,31.0,0.7070000000000001,0.008,0.0833,0.0,0.8,21.9,11.4,1018.8,0.531,9.4,134.3,11.7,0.7,40612,1
2023-01-07,713.0,51.0,07030,43.9,36.7,40.1,40.2,31.1,35.4,28.2,0.625,0.0,0.0,0.0,0.0,23.0,9.9,1020.6,0.3939999999999999,9.9,50.8,4.4,0.3,33855,0
2023-10-10,843.0,93.0,07030,63.4,53.5,58.0,63.4,53.5,58.0,46.5,0.662,0.011,0.0417,0.0,0.0,24.2,10.0,1009.7,0.626,9.8,147.8,12.7,0.7,40935,1
2023-02-09,582.0,83.0,07030,54.0,40.1,46.9,54.0,40.1,46.4,35.4,0.647,0.0,0.0,0.0,0.0,20.8,9.2,1020.9,0.64,9.7,30.9,2.6,0.1,37535,1
2023-06-30,731.0,72.0,07302,83.9,69.2,76.0,83.9,69.2,76.1,62.0,0.64,0.021,0.125,0.0,0.0,46.1,11.3,1017.6,0.125,5.1,264.3,22.9,0.8,54188,1
2023-09-18,392.0,54.0,07030,68.0,62.5,66.0,68.0,62.5,66.0,63.6,0.92,0.638,0.75,0.0,0.0,18.3,7.2,1008.6,0.894,6.4,30.2,2.6,0.1,44465,1
2023-09-29,1699.0,14.0,07302,62.2,59.6,61.2,62.2,59.6,61.2,58.6,0.912,1.219,0.8332999999999999,0.0,0.0,29.2,16.4,1021.1,1.0,6.5,26.6,2.2,0.1,42696,1
2023-05-05,2722.0,95.0,07030,63.3,48.5,55.0,63.3,46.9,54.8,43.9,0.6809999999999999,0.004,0.0417,0.0,0.0,40.3,9.2,1021.6,0.56,9.6,201.6,17.2,0.9,50783,1
2023-03-05,928.0,69.0,07030,52.7,38.1,44.6,52.7,33.7,41.2,28.1,0.53,0.0,0.0,0.0,0.0,29.6,11.8,1019.4,0.513,9.9,154.7,13.4,0.7,41254,0
2023-10-17,392.0,62.0,07302,64.1,52.9,58.2,64.1,52.9,58.2,46.4,0.655,0.0,0.0,0.0,0.0,39.1,7.3,1012.8,0.43,9.9,91.3,8.0,0.6,39837,1
2023-03-27,454.0,53.0,07030,58.8,44.3,50.5,58.8,39.5,49.0,27.9,0.4539999999999999,0.184,0.1667,0.0,0.0,18.8,11.3,1015.9,0.406,9.6,173.8,15.1,0.8,44841,1
2022-11-09,426.0,60.0,07310,53.3,39.6,47.1,53.3,34.4,44.7,28.9,0.501,0.0,0.0,0.0,0.0,21.1,13.9,1036.3,0.051,9.9,136.7,11.6,0.6,36451,1
2023-08-27,1178.0,92.0,07310,85.7,70.8,77.2,86.5,70.8,77.5,62.8,0.622,0.0,0.0,0.0,0.0,34.4,8.3,1013.1,0.128,9.9,0.0,0.0,0.0,47925,0
2023-01-14,387.0,38.0,07310,38.0,32.3,34.6,31.7,22.1,26.0,22.7,0.614,0.0,0.0,0.0,0.0,31.1,21.9,1009.6,0.998,9.3,44.1,3.8,0.2,34402,0
2023-05-23,1266.0,112.0,07030,68.6,55.8,60.6,68.6,55.8,60.6,47.3,0.63,0.0,0.0,0.0,0.0,30.8,11.1,1026.2,0.354,9.8,277.2,24.0,0.9,52879,1
2023-05-07,14534.0,193.0,07030,76.4,55.3,65.6,76.4,55.3,65.6,43.0,0.4539999999999999,0.012,0.0833,0.0,0.0,25.3,10.9,1015.3,0.182,9.8,278.9,23.9,0.9,51046,0
2023-08-29,943.0,104.0,07310,78.3,69.1,73.5,78.3,69.1,73.5,66.2,0.7809999999999999,0.007,0.0417,0.0,0.0,44.7,10.8,1014.0,0.757,9.9,0.0,0.0,0.0,47620,1
2023-04-27,749.0,100.0,07030,56.2,50.9,53.0,56.2,50.9,53.0,44.6,0.735,0.0,0.0,0.0,0.0,17.2,7.8,1022.7,0.767,9.7,80.4,7.1,0.4,49670,1
2023-05-08,1011.0,91.0,07310,78.3,58.9,68.4,78.3,58.9,68.4,46.7,0.497,0.001,0.0417,0.0,0.0,27.7,9.4,1008.6,0.311,9.9,295.3,25.6,0.9,51172,1
2023-07-08,1222.0,87.0,07302,87.2,75.2,78.7,92.3,75.2,80.0,71.7,0.7979999999999999,0.0,0.0,0.0,0.0,39.1,10.1,1010.8,0.631,9.4,205.6,17.9,0.9,53811,0
2023-09-17,1454.0,86.0,07302,77.7,60.6,69.0,77.7,60.6,69.0,54.5,0.614,0.051,0.125,0.0,0.0,56.4,10.9,1013.8,0.284,9.4,212.3,18.4,1.0,44625,0
2022-11-02,2879.0,110.0,07030,69.5,55.4,61.5,69.5,55.4,61.5,47.0,0.611,0.0,0.0,0.0,0.0,23.0,8.8,1024.4,0.025,9.9,147.9,12.7,0.6,37405,1
2022-12-12,447.0,64.0,07030,37.7,28.8,33.1,31.9,22.1,26.9,26.3,0.764,0.025,0.0833,0.5,0.0,23.0,10.0,1021.4,0.679,8.9,62.3,5.4,0.4,33462,1
2023-07-11,1707.0,69.0,07302,88.2,70.8,79.9,89.0,70.8,80.3,60.1,0.513,0.007,0.0417,0.0,0.0,41.0,8.4,1011.9,0.051,9.9,277.3,23.9,1.0,53616,1
2023-07-26,1065.0,109.0,07310,86.4,68.7,77.5,88.9,68.7,78.5,65.5,0.685,0.007,0.0417,0.0,0.0,43.7,9.6,1018.6,0.051,9.6,288.5,24.8,0.9,52252,1
2023-07-07,1048.0,71.0,07302,86.1,74.5,78.8,90.9,74.5,80.3,70.9,0.779,0.0,0.0,0.0,0.0,19.7,7.4,1011.4,0.48,9.8,270.0,23.3,0.9,53870,1
2023-08-05,1209.0,83.0,07302,85.1,71.1,77.8,85.3,71.1,77.9,62.5,0.618,0.0,0.0,0.0,0.0,11.4,9.4,1014.5,0.402,9.7,140.8,12.1,0.9,51052,0
2023-08-11,891.0,94.0,07302,84.8,67.8,76.2,84.6,67.8,76.4,62.9,0.662,0.0,0.0,0.0,0.0,38.6,15.2,1008.0,0.2019999999999999,9.7,0.0,0.0,0.0,50253,1
2023-07-08,3384.0,177.0,07030,86.6,75.6,79.0,92.0,75.6,80.5,71.3,0.777,0.066,0.125,0.0,0.0,39.1,17.0,1010.6,0.575,9.3,205.6,17.9,0.9,53820,0
2023-09-22,3754.0,97.0,07030,71.1,60.3,65.4,71.1,60.3,65.4,54.4,0.682,0.0,0.0,0.0,0.0,23.0,13.1,1026.9,0.257,9.9,143.5,12.5,0.7,43822,1
2023-07-17,1666.0,72.0,07302,89.0,74.4,81.0,93.1,74.4,82.8,70.8,0.735,0.0,0.0,0.0,0.0,27.7,9.9,1012.8,0.2739999999999999,9.2,261.2,22.7,0.9,53141,1
2023-09-25,1342.0,23.0,07310,64.4,59.8,61.8,64.4,59.8,61.8,58.9,0.905,0.199,0.875,0.0,0.0,32.4,21.6,1017.7,1.0,4.8,28.1,2.4,0.1,43339,1
2023-03-20,129.0,26.0,07302,50.5,31.8,40.9,50.5,25.2,36.7,18.6,0.412,0.0,0.0,0.0,0.0,32.2,10.6,1025.0,0.01,9.9,239.8,20.6,0.8,43699,1
2023-10-06,275.0,49.0,07302,71.9,66.8,69.2,71.9,66.8,69.2,66.5,0.911,0.029,0.2082999999999999,0.0,0.0,16.1,8.2,1016.7,0.999,6.2,41.4,3.6,0.3,41574,1
2023-08-19,1647.0,92.0,07302,80.0,64.0,72.3,80.1,64.0,72.3,53.7,0.528,0.0,0.0,0.0,0.0,30.0,12.8,1015.0,0.236,9.9,0.0,0.0,0.0,49118,0
2023-05-17,952.0,98.0,07030,70.3,53.4,61.5,70.3,53.4,61.5,33.0,0.361,0.0,0.0,0.0,0.0,36.8,11.5,1007.8,0.1159999999999999,9.9,314.5,27.1,1.0,52257,1
2023-08-12,891.0,82.0,07302,84.8,72.4,77.8,88.7,72.4,78.9,65.4,0.6579999999999999,0.016,0.0833,0.0,0.0,17.2,10.5,1011.9,0.298,9.7,0.0,0.0,0.0,50115,0
2023-08-15,748.0,96.0,07310,81.4,70.9,75.4,84.7,70.9,75.7,69.2,0.8170000000000001,0.203,0.3333,0.0,0.0,19.7,12.4,1008.6,0.914,9.1,0.0,0.0,0.0,49697,1
2023-04-21,451.0,52.0,07302,68.2,51.5,58.8,68.2,51.5,58.8,45.7,0.627,0.0,0.0,0.0,0.0,21.9,11.5,1018.5,0.362,9.8,270.0,23.5,0.9,48783,1
2023-02-27,1906.0,50.0,07310,44.1,34.5,38.7,42.6,26.1,34.0,22.8,0.541,0.071,0.2082999999999999,0.0,0.1,25.4,13.5,1013.4,0.367,9.2,166.5,14.3,0.7,40292,1
2023-04-26,1116.0,92.0,07030,57.2,46.6,52.6,57.2,45.0,52.2,37.5,0.574,0.002,0.0833,0.0,0.0,33.3,8.0,1023.1,0.5589999999999999,9.9,206.3,17.8,0.8,49525,1
2023-08-05,2505.0,152.0,07030,84.8,71.3,77.5,84.5,71.3,77.4,61.9,0.612,0.0,0.0,0.0,0.0,16.1,7.7,1014.4,0.365,9.6,140.8,12.1,0.9,51058,0
2023-07-04,2033.0,126.0,07030,80.9,73.8,76.3,84.8,73.8,76.6,70.9,0.8370000000000001,0.229,0.25,0.0,0.0,8.1,5.9,1012.2,0.493,8.3,147.4,12.5,0.8,54037,0
2022-12-26,40.0,7.0,07302,29.1,18.4,24.3,21.8,5.3,14.7,6.6,0.465,0.0,0.0,0.0,0.0,25.3,17.2,1022.4,0.302,9.9,96.0,8.3,0.5,33347,0
2023-05-06,4862.0,110.0,07310,73.3,50.0,60.9,73.3,50.0,60.9,43.2,0.562,0.0,0.0,0.0,0.0,31.1,9.8,1022.9,0.24,9.9,299.3,25.9,1.0,50912,0
2023-06-26,994.0,83.0,07030,78.5,69.6,72.8,78.5,69.6,72.8,67.6,0.841,0.157,0.2917,0.0,0.0,25.6,9.5,1007.7,0.494,7.7,126.2,10.8,0.5,54302,1
2022-11-23,255.0,36.0,07302,56.1,39.7,47.3,56.1,36.1,45.5,23.7,0.3989999999999999,0.0,0.0,0.0,0.0,19.7,9.6,1023.3,0.021,9.9,112.7,9.7,0.5,34814,1
2023-01-27,370.0,29.0,07302,41.8,34.9,38.5,36.7,29.9,33.8,23.4,0.551,0.0,0.0,0.0,0.0,20.8,12.3,1018.3,0.41,9.9,68.8,5.9,0.3,35793,1
2022-12-01,852.0,52.0,07310,42.9,36.0,39.3,36.4,29.4,32.7,18.5,0.43,0.0,0.0,0.0,0.0,32.2,23.0,1023.1,0.31,9.8,78.5,6.6,0.4,34098,1
2023-05-13,1214.0,69.0,07302,79.4,68.8,74.0,79.4,68.8,74.0,49.5,0.435,0.0,0.0,0.0,0.0,40.9,7.3,1015.9,0.1169999999999999,9.9,174.6,14.8,0.7,51789,0
2022-12-09,447.0,50.0,07310,45.8,35.7,39.7,42.2,29.1,34.3,22.7,0.514,0.0,0.0,0.0,0.0,20.8,12.4,1025.2,0.0409999999999999,9.9,101.7,8.8,0.5,33595,1
2023-04-19,1035.0,101.0,07030,64.1,45.7,52.3,64.1,41.8,50.6,29.6,0.428,0.0,0.0,0.0,0.0,23.0,12.8,1016.7,0.472,9.9,241.5,21.0,0.9,48485,1
2023-02-13,644.0,73.0,07030,56.9,40.7,48.0,56.9,35.1,45.6,17.7,0.314,0.009,0.0833,0.0,0.0,27.7,12.4,1003.1,0.3979999999999999,9.9,152.5,12.9,0.6,38123,1
2023-09-30,1061.0,70.0,07030,66.0,57.8,61.6,66.0,57.8,61.6,56.6,0.84,0.028,0.2082999999999999,0.0,0.0,38.0,10.1,1021.3,0.948,9.0,67.8,6.1,0.4,42534,0
2023-09-08,1274.0,87.0,07030,88.5,73.2,77.4,97.7,73.2,79.1,69.5,0.772,0.06,0.2917,0.0,0.0,38.0,8.8,1013.5,0.413,8.2,154.9,13.2,0.8,46060,1
2023-05-30,2458.0,118.0,07030,70.0,55.7,62.0,70.0,55.7,62.0,46.3,0.5710000000000001,0.012,0.0417,0.0,0.0,23.0,11.1,1022.6,0.021,9.8,307.6,26.7,0.9,53485,1
2023-02-03,1587.0,16.0,07302,35.4,13.6,25.7,29.0,2.7,16.7,6.1,0.435,0.015,0.0417,0.0,0.0,39.8,14.1,1017.0,0.349,9.9,148.1,12.7,0.6,36700,1
2023-06-20,900.0,93.0,07310,77.1,64.3,69.4,77.1,64.3,69.4,57.2,0.664,0.0,0.0,0.0,0.0,17.2,9.9,1022.3,0.524,9.9,245.8,21.0,0.9,54343,1
2023-09-30,806.0,68.0,07310,66.7,58.6,62.4,66.7,58.6,62.4,57.0,0.828,0.011,0.125,0.0,0.0,37.9,12.0,1021.4,0.941,9.3,67.8,6.1,0.4,42535,0
2023-02-24,378.0,45.0,07030,45.6,27.4,39.9,42.9,20.3,34.5,23.7,0.557,0.0,0.0,0.0,0.0,35.6,15.3,1022.6,0.425,8.4,141.4,12.3,0.6,39815,1
2023-10-25,931.0,95.0,07030,72.4,53.3,62.2,72.4,53.3,62.2,46.5,0.5760000000000001,0.0,0.0,0.0,0.0,48.3,8.6,1025.3,0.039,9.9,156.9,13.7,0.6,38609,1
2023-05-25,1426.0,111.0,07030,68.0,51.2,59.6,68.0,51.2,59.6,38.6,0.475,0.0,0.0,0.0,0.0,28.9,12.1,1019.9,0.13,9.9,326.6,28.0,1.0,53066,1
2023-02-04,194.0,21.0,07310,26.8,6.8,16.5,17.5,-8.7,5.8,-2.9,0.423,0.0,0.0,0.0,0.0,37.8,15.7,1034.2,0.207,9.9,146.0,12.6,0.6,36833,0
2023-10-26,2597.0,99.0,07030,78.4,57.4,67.4,78.4,57.4,67.4,49.9,0.542,0.0,0.0,0.0,0.0,41.4,7.5,1022.9,0.042,9.9,164.5,14.3,0.6,38459,1
2022-12-11,105.0,12.0,07302,40.3,33.5,37.4,34.9,25.6,31.2,31.9,0.805,0.295,0.4167,0.1,0.0,20.8,12.8,1022.9,0.999,7.5,11.8,1.0,0.1,33510,0
2023-09-20,516.0,56.0,07302,76.9,60.3,68.6,76.9,60.3,68.6,50.6,0.5329999999999999,0.0,0.0,0.0,0.0,21.9,8.2,1020.6,0.072,9.9,231.5,20.1,0.8,44143,1
2023-01-01,467.0,26.0,07302,55.1,48.9,51.9,55.1,45.6,51.5,40.4,0.672,0.007,0.0417,0.0,0.0,18.3,13.3,1012.3,0.465,9.0,96.4,8.4,0.4,33536,0
2023-05-16,2286.0,73.0,07302,78.2,56.9,68.8,78.2,56.9,68.8,42.5,0.412,0.0,0.0,0.0,0.0,42.9,16.2,1007.3,0.06,9.9,282.0,24.4,1.0,52137,1
2023-10-11,704.0,84.0,07310,71.8,57.0,62.9,71.8,57.0,62.9,48.7,0.62,0.0,0.0,0.0,0.0,50.9,9.4,1011.2,0.327,9.8,192.0,16.6,0.7,40778,1
2023-05-14,1901.0,70.0,07302,75.2,60.8,67.4,75.2,60.8,67.4,35.9,0.317,0.0,0.0,0.0,0.0,39.1,12.6,1021.3,0.077,9.9,317.9,27.5,1.0,51907,0
2023-07-03,659.0,71.0,07302,88.0,74.0,80.4,93.5,74.0,82.6,69.8,0.715,0.106,0.2082999999999999,0.0,0.0,36.9,9.1,1010.0,0.405,9.6,229.8,19.8,0.9,54073,1
2023-07-05,1339.0,62.0,07302,91.7,73.0,81.4,94.3,73.0,82.9,68.6,0.684,0.0,0.0,0.0,0.0,50.6,6.3,1014.8,0.035,7.6,306.7,26.6,0.9,53978,1
2023-10-03,562.0,61.0,07302,81.7,62.5,70.7,82.4,62.5,70.8,59.3,0.6829999999999999,0.0,0.0,0.0,0.0,50.6,6.2,1021.6,0.018,9.5,206.2,17.8,0.7,42054,1
2022-12-05,2659.0,67.0,07030,47.3,34.4,40.8,45.9,33.1,39.1,23.1,0.51,0.0,0.0,0.0,0.0,10.5,8.7,1024.6,0.039,9.9,94.3,8.2,0.5,33814,1
2023-03-06,418.0,51.0,07310,53.2,39.9,46.6,53.2,35.0,44.6,22.4,0.402,0.0,0.0,0.0,0.0,45.9,10.0,1018.6,0.226,9.9,177.3,15.3,0.6,41418,1
2023-05-11,828.0,64.0,07302,79.6,56.3,68.4,79.6,56.3,68.4,41.5,0.391,0.0,0.0,0.0,0.0,46.1,10.2,1019.1,0.048,9.8,290.0,25.0,0.9,51547,1
2023-04-04,314.0,40.0,07302,70.0,48.2,59.1,70.0,45.1,58.7,48.6,0.691,0.0,0.0,0.0,0.0,36.7,7.0,1016.9,0.244,9.8,234.5,20.1,0.8,46133,1
2023-07-13,814.0,81.0,07310,87.9,76.6,82.7,95.4,76.6,86.1,68.9,0.635,0.0,0.0,0.0,0.0,51.7,14.2,1011.1,0.114,9.8,254.7,22.1,1.0,53473,1
2023-03-07,349.0,64.0,07030,46.9,33.3,39.6,41.8,27.0,33.5,20.1,0.495,0.055,0.25,0.8,0.2,37.8,18.5,1010.8,0.6659999999999999,9.0,199.2,17.3,0.8,41578,1
2023-09-10,426.0,37.0,07310,78.8,70.0,74.1,78.8,70.0,74.1,69.1,0.845,0.202,0.2917,0.0,0.0,29.8,6.9,1018.9,0.5760000000000001,8.6,116.2,9.8,0.7,45743,0
2022-12-21,330.0,53.0,07030,39.8,27.5,33.4,39.8,21.6,31.9,20.3,0.591,0.0,0.0,0.0,0.0,9.2,6.7,1031.8,0.052,9.9,96.7,8.3,0.4,33291,1
2022-12-16,76.0,15.0,07302,44.8,38.7,42.2,38.5,30.5,35.5,39.4,0.8959999999999999,0.758,0.9167,0.0,0.0,32.1,17.2,1004.4,1.0,5.1,18.9,1.8,0.1,33354,1
2023-05-21,1222.0,66.0,07310,70.9,56.1,64.6,70.9,56.1,64.6,50.1,0.61,0.021,0.0833,0.0,0.0,44.4,11.3,1014.0,0.547,9.6,204.1,17.6,0.8,52677,0
2023-10-18,484.0,71.0,07310,63.2,55.9,59.4,63.2,55.9,59.4,49.5,0.7,0.0,0.0,0.0,0.0,41.4,6.0,1020.4,0.863,9.7,76.8,6.8,0.4,39680,1
2023-08-10,643.0,71.0,07030,80.4,70.4,73.8,82.8,70.4,73.9,64.7,0.743,0.241,0.375,0.0,0.0,24.2,9.6,1005.7,0.5529999999999999,8.0,0.0,0.0,0.0,50396,1
2023-05-17,1022.0,81.0,07310,69.8,54.5,62.2,69.8,54.5,62.2,34.3,0.376,0.0,0.0,0.0,0.0,41.2,12.5,1007.9,0.129,9.9,314.5,27.1,1.0,52253,1
2023-04-18,629.0,74.0,07310,57.2,47.0,52.5,57.2,42.2,51.7,29.9,0.422,0.0,0.0,0.0,0.0,33.3,23.0,1007.7,0.486,9.9,125.8,11.0,0.5,48330,1
2023-05-26,582.0,53.0,07302,74.3,55.7,64.6,74.3,55.7,64.6,39.1,0.408,0.0,0.0,0.0,0.0,48.3,13.0,1024.5,0.06,9.9,324.2,27.9,1.0,53147,1
2023-03-04,272.0,24.0,07302,46.7,39.9,42.8,45.1,32.6,37.9,36.9,0.8029999999999999,0.565,0.4167,0.0,0.0,39.5,26.2,1002.3,0.991,8.5,71.0,6.1,0.4,41095,0
2022-12-20,201.0,30.0,07302,39.7,31.3,34.6,35.2,23.9,28.4,19.0,0.529,0.0,0.0,0.0,0.0,20.8,15.0,1028.8,0.147,9.9,101.5,8.7,0.5,33303,1
2023-04-29,45.0,4.0,07030,52.9,47.9,50.1,52.9,42.1,47.9,48.5,0.943,2.231,1.0,0.0,0.0,28.9,14.4,1012.5,1.0,2.9,38.0,3.4,0.2,49957,0
2023-08-04,1481.0,115.0,07030,75.9,71.0,73.2,75.9,71.0,73.2,63.5,0.7170000000000001,0.004,0.0417,0.0,0.0,48.3,10.5,1014.5,0.914,9.8,86.9,7.5,0.4,51186,1
2023-02-13,551.0,57.0,07310,57.1,40.9,48.3,57.1,34.1,46.0,19.1,0.326,0.013,0.0417,0.0,0.0,41.4,14.9,1003.2,0.416,9.9,152.5,12.9,0.6,38125,1
2023-09-25,215.0,32.0,07030,64.4,58.7,61.7,64.4,58.7,61.7,58.1,0.8809999999999999,0.423,0.7917000000000001,0.0,0.0,31.7,18.2,1017.8,1.0,4.5,28.1,2.4,0.1,43339,1
2023-07-25,671.0,83.0,07310,85.5,70.7,75.8,89.1,70.7,76.6,66.6,0.741,0.141,0.1667,0.0,0.0,43.6,10.7,1018.3,0.271,9.2,202.0,17.2,0.9,52360,1
2023-08-28,1459.0,109.0,07030,75.3,70.5,72.6,75.3,70.5,72.6,64.7,0.765,0.0,0.0,0.0,0.0,19.7,8.0,1016.9,0.787,9.8,0.0,0.0,0.0,47775,1
2023-04-10,494.0,44.0,07302,64.8,40.9,52.5,64.8,37.8,51.1,32.1,0.492,0.0,0.0,0.0,0.0,43.6,10.2,1030.1,0.016,9.9,277.4,23.8,0.9,47087,1
2023-05-19,1078.0,103.0,07310,67.7,53.6,60.1,67.7,53.6,60.1,47.2,0.633,0.0,0.0,0.0,0.0,35.8,16.0,1026.8,0.1169999999999999,9.8,287.3,24.8,0.9,52469,1
2023-08-11,1223.0,113.0,07310,84.7,67.7,76.2,84.4,67.7,76.3,62.8,0.6609999999999999,0.0,0.0,0.0,0.0,38.6,14.9,1008.0,0.204,9.7,0.0,0.0,0.0,50256,1
2023-09-09,824.0,63.0,07302,85.5,74.2,77.6,92.5,74.2,78.8,71.4,0.8190000000000001,0.004,0.0833,0.0,0.0,19.7,7.5,1018.2,0.752,8.9,133.0,11.6,0.9,45900,0
2022-11-30,157.0,27.0,07302,58.7,39.6,48.8,58.7,35.1,47.4,40.8,0.746,0.389,0.375,0.0,0.0,36.8,21.9,1013.7,0.8220000000000001,8.5,7.5,0.7,0.0,34180,1
2023-10-13,1332.0,83.0,07302,66.7,54.4,60.2,66.7,54.4,60.2,44.0,0.56,0.0,0.0,0.0,0.0,41.4,10.6,1014.6,0.054,9.9,193.6,16.6,0.7,40464,1
2023-06-11,2067.0,77.0,07310,80.5,65.7,72.0,80.7,65.7,72.0,57.9,0.623,0.036,0.125,0.0,0.0,37.8,6.6,1011.0,0.32,9.1,230.4,19.9,0.7,54163,0
2023-03-10,139.0,31.0,07302,45.0,37.3,41.2,44.9,30.2,37.0,30.9,0.672,0.074,0.2082999999999999,0.0,0.0,41.4,10.2,1014.9,0.642,9.6,79.0,6.7,0.4,42067,1
2023-02-02,103.0,22.0,07302,40.7,29.6,34.9,34.4,24.6,28.9,14.3,0.431,0.007,0.0417,0.0,0.0,54.1,13.3,1020.1,0.088,9.9,136.5,11.6,0.6,36564,1
2023-08-02,1026.0,107.0,07310,80.7,67.5,73.3,79.8,67.5,73.3,51.4,0.472,0.014,0.0833,0.0,0.0,53.0,8.6,1022.6,0.1639999999999999,9.9,271.0,23.4,1.0,51433,1
2023-05-06,1019.0,67.0,07302,73.3,50.2,60.8,73.3,50.2,60.8,43.4,0.5660000000000001,0.0,0.0,0.0,0.0,31.1,10.3,1023.0,0.242,9.9,299.3,25.9,1.0,50909,0
2023-03-02,426.0,68.0,07030,53.5,39.5,44.6,53.5,34.5,41.7,35.6,0.741,0.0,0.0,0.0,0.0,30.0,10.3,1006.9,0.612,6.3,80.8,7.1,0.5,40771,1
2023-10-01,1275.0,62.0,07302,80.1,60.6,69.2,80.4,60.6,69.2,57.1,0.6759999999999999,0.0,0.0,0.0,0.0,25.3,8.1,1021.6,0.025,9.9,206.2,17.8,0.8,42375,0
2023-05-09,1027.0,98.0,07030,68.2,55.3,61.2,68.2,55.3,61.2,33.9,0.366,0.0,0.0,0.0,0.0,36.9,10.2,1014.3,0.079,9.9,232.6,20.0,1.0,51303,1
2023-05-31,338.0,52.0,07302,73.4,54.8,63.7,73.4,54.8,63.7,50.8,0.653,0.0,0.0,0.0,0.0,43.6,9.3,1022.5,0.033,9.6,316.9,27.5,1.0,53552,1
2023-10-22,470.0,45.0,07310,60.2,49.8,55.4,60.2,47.3,55.3,40.0,0.569,0.0,0.0,0.0,0.0,49.4,13.7,1004.1,0.78,9.9,119.2,10.2,0.9,39065,0
2022-12-31,236.0,23.0,07310,54.8,49.8,52.2,54.8,48.2,52.1,49.0,0.89,0.259,0.375,0.0,0.0,11.4,6.4,1015.6,0.915,4.4,14.1,1.1,0.1,33490,0
2023-03-15,354.0,47.0,07310,45.1,34.3,38.7,38.1,24.1,30.0,19.7,0.47,0.0,0.0,0.0,0.0,41.3,22.1,1009.0,0.267,9.9,214.9,18.7,0.8,42882,1
2023-02-05,409.0,26.0,07302,48.9,26.8,38.3,48.9,17.3,33.6,21.1,0.509,0.0,0.0,0.0,0.0,41.4,11.3,1022.4,0.104,9.9,115.8,10.0,0.5,36974,0
2023-02-12,241.0,31.0,07310,46.6,36.5,41.5,46.6,32.6,38.6,24.4,0.511,0.007,0.0417,0.0,0.0,18.9,13.5,1018.0,0.287,9.9,69.9,6.0,0.3,37977,0
2022-11-09,582.0,58.0,07302,53.4,39.5,47.2,53.4,34.0,44.6,29.1,0.503,0.0,0.0,0.0,0.0,21.6,13.9,1036.3,0.07,9.9,136.7,11.6,0.6,36454,1
2023-09-23,194.0,19.0,07302,64.0,59.4,61.2,64.0,59.4,61.2,56.0,0.8340000000000001,0.229,0.7082999999999999,0.0,0.0,33.7,21.3,1020.2,0.8420000000000001,7.4,31.8,2.8,0.2,43661,0
2023-03-12,436.0,41.0,07310,47.0,34.8,40.5,44.7,29.3,36.7,26.9,0.594,0.0,0.0,0.0,0.0,31.1,7.9,1016.5,0.17,9.9,155.2,12.9,0.5,42393,0
2023-08-26,1090.0,83.0,07302,85.5,73.5,77.9,86.9,73.5,78.8,68.8,0.752,0.058,0.125,0.0,0.0,19.7,9.4,1010.3,0.541,9.2,0.0,0.0,0.0,48076,0
2023-06-24,540.0,57.0,07310,78.7,68.4,72.8,78.7,68.4,72.8,68.0,0.856,0.064,0.2082999999999999,0.0,0.0,16.1,9.8,1011.1,0.731,7.8,159.6,13.9,0.6,54327,0
2023-03-27,221.0,29.0,07302,57.9,44.9,50.7,57.9,38.8,49.1,29.6,0.476,0.067,0.1667,0.0,0.0,20.8,13.3,1016.2,0.423,9.8,173.8,15.1,0.8,44840,1
2022-11-11,560.0,46.0,07030,68.0,58.2,63.4,68.0,58.2,63.4,59.6,0.8740000000000001,0.826,0.4167,0.0,0.0,36.5,14.6,1014.4,0.955,7.1,28.5,2.5,0.2,36189,0
2023-01-23,68.0,8.0,07302,39.7,36.4,38.2,37.1,27.5,31.2,32.9,0.8190000000000001,0.506,0.7082999999999999,0.0,0.0,30.0,18.3,1004.1,0.995,7.1,21.0,1.8,0.1,35321,1
2022-11-17,310.0,52.0,07310,45.5,38.0,40.5,39.8,31.0,34.8,24.4,0.53,0.0,0.0,0.0,0.0,26.7,14.9,1014.1,0.601,9.9,114.1,9.8,0.6,35461,1
2023-03-11,130.0,19.0,07302,44.7,36.7,40.7,40.8,31.3,35.6,34.4,0.795,0.113,0.5,0.0,0.0,26.4,11.5,1008.2,0.97,9.3,64.7,5.7,0.4,42230,0
2023-09-26,216.0,40.0,07302,61.4,59.3,60.2,61.4,59.3,60.2,54.5,0.8170000000000001,0.041,0.4583,0.0,0.0,26.4,13.4,1026.5,0.967,8.0,30.0,2.4,0.1,43178,1
2023-04-11,796.0,79.0,07310,72.2,48.8,61.4,72.2,47.2,61.3,28.9,0.315,0.0,0.0,0.0,0.0,31.1,16.0,1020.0,0.063,9.9,237.3,20.5,0.9,47246,1
2023-10-11,3503.0,93.0,07030,69.9,55.9,61.9,69.9,55.9,61.9,47.5,0.615,0.0,0.0,0.0,0.0,46.1,9.6,1011.0,0.3429999999999999,9.8,192.0,16.6,0.7,40777,1
2022-12-26,84.0,12.0,07310,29.0,18.3,24.2,22.3,5.3,14.8,6.6,0.467,0.0,0.0,0.0,0.0,25.3,17.2,1022.3,0.27,9.9,96.0,8.3,0.5,33343,0
2023-06-06,1028.0,104.0,07030,78.8,61.0,68.3,78.8,61.0,68.3,44.3,0.425,0.004,0.0833,0.0,0.0,23.7,8.1,1004.9,0.318,5.3,237.0,20.5,0.9,53942,1
2023-01-04,863.0,28.0,07302,65.9,51.9,58.1,65.9,51.9,58.1,52.5,0.82,0.021,0.125,0.0,0.0,16.1,8.3,1009.9,0.728,8.1,59.1,5.1,0.3,33683,1
2023-03-14,259.0,43.0,07310,39.5,33.2,35.7,37.3,23.7,27.5,30.0,0.8,0.298,0.4167,0.7,0.0,32.9,19.2,1001.0,0.981,5.9,56.7,4.8,0.3,42719,1
2023-01-12,141.0,21.0,07302,54.7,37.8,45.6,54.7,33.1,43.4,40.2,0.818,0.19,0.375,0.0,0.0,31.1,8.6,1017.4,0.999,8.5,16.2,1.5,0.1,34234,1
2023-01-06,419.0,49.0,07310,47.9,40.1,44.9,45.2,34.9,41.9,38.4,0.789,0.284,0.2917,0.0,0.0,31.1,10.0,1015.6,0.927,7.8,31.3,2.8,0.2,33796,1
2023-07-10,1043.0,100.0,07310,86.7,72.0,78.2,88.1,72.0,78.7,66.7,0.7070000000000001,0.002,0.0417,0.0,0.0,43.4,9.9,1008.1,0.569,9.8,212.4,18.3,0.9,53687,1
2022-11-24,222.0,27.0,07310,53.6,38.0,46.2,53.6,34.4,44.4,32.8,0.596,0.0,0.0,0.0,0.0,16.8,7.3,1027.2,0.134,9.9,107.5,9.2,0.5,34711,0
2023-03-04,256.0,29.0,07310,46.5,39.8,42.7,45.0,32.4,37.8,36.8,0.802,0.588,0.4167,0.0,0.0,38.8,25.3,1002.3,0.991,8.4,70.9,6.1,0.4,41094,0
2023-03-13,164.0,22.0,07030,43.8,38.8,41.1,39.8,33.7,36.4,37.1,0.86,0.396,0.7082999999999999,0.0,0.0,26.4,13.7,1011.9,1.0,5.6,35.3,2.9,0.1,42555,1
2023-01-31,333.0,42.0,07030,48.7,32.4,38.3,47.1,24.0,34.4,25.7,0.621,0.045,0.1667,0.0,0.0,49.4,10.4,1021.7,0.994,9.4,36.2,3.1,0.2,36294,1
2022-12-27,228.0,27.0,07310,34.6,28.8,31.7,34.6,19.9,25.6,13.2,0.461,0.0,0.0,0.0,0.0,17.2,10.3,1025.0,0.983,9.9,61.5,5.2,0.4,33365,1
2023-09-12,2107.0,74.0,07302,85.2,69.6,75.6,86.8,69.6,76.0,66.6,0.753,0.0,0.0,0.0,0.0,47.2,7.9,1015.5,0.281,9.7,150.9,13.2,0.9,45424,1
2023-08-15,950.0,111.0,07030,79.7,70.4,74.5,79.7,70.4,74.5,68.8,0.83,0.499,0.3333,0.0,0.0,24.2,10.2,1008.6,0.938,8.3,0.0,0.0,0.0,49701,1
2023-06-15,529.0,67.0,07302,78.8,61.7,70.3,78.8,61.7,70.3,54.0,0.575,0.095,0.0833,0.0,0.0,48.3,12.7,1003.4,0.421,9.9,233.0,20.1,0.7,54276,1
2023-06-20,290.0,50.0,07302,77.1,64.3,69.4,77.1,64.3,69.4,57.3,0.6659999999999999,0.0,0.0,0.0,0.0,17.2,10.2,1022.3,0.527,9.9,245.8,21.0,0.9,54339,1
2023-02-01,425.0,62.0,07030,38.3,27.5,32.4,32.9,18.9,26.3,14.9,0.504,0.014,0.0833,0.2,0.0,13.9,9.1,1024.2,0.509,9.4,130.2,11.1,0.6,36426,1
2023-01-13,484.0,54.0,07030,55.8,38.6,49.0,55.8,31.4,46.3,41.6,0.763,0.141,0.2082999999999999,0.0,0.0,36.9,13.8,1002.2,0.866,9.3,26.5,2.1,0.2,34311,1
2023-03-27,265.0,35.0,07310,57.9,44.8,50.7,57.9,39.0,49.2,29.2,0.47,0.088,0.1667,0.0,0.0,20.8,12.7,1016.1,0.421,9.7,173.8,15.1,0.8,44840,1
2023-09-11,1108.0,110.0,07030,80.8,70.6,74.4,83.9,70.6,74.8,70.1,0.868,0.942,0.4167,0.0,0.0,25.3,8.0,1015.8,0.809,7.1,121.7,10.4,0.7,45584,1
2023-07-29,2970.0,136.0,07030,88.5,75.0,81.7,93.7,75.0,84.0,69.4,0.67,0.036,0.0833,0.0,0.0,32.2,11.4,1008.8,0.34,9.8,261.2,22.7,0.8,51917,0
2023-03-11,325.0,35.0,07310,44.5,36.5,40.6,40.5,31.2,35.5,34.3,0.792,0.147,0.5,0.0,0.0,25.3,11.5,1008.2,0.972,9.2,64.8,5.7,0.4,42229,0
2023-06-12,789.0,68.0,07310,75.4,66.6,70.7,75.4,66.6,70.7,62.9,0.768,0.121,0.2917,0.0,0.0,35.6,13.3,1007.3,0.595,8.0,158.9,13.7,0.6,54197,1
2023-01-17,494.0,67.0,07030,46.7,34.2,41.4,46.7,30.2,39.2,15.4,0.35,0.0,0.0,0.0,0.0,18.3,8.1,1005.9,0.602,9.9,49.8,4.3,0.2,34678,1
2023-02-12,186.0,26.0,07302,46.5,36.3,41.4,46.5,32.3,38.4,24.8,0.521,0.006,0.0417,0.0,0.0,19.2,13.9,1018.0,0.299,9.9,69.9,6.0,0.3,37979,0
2023-08-22,482.0,60.0,07302,80.1,69.5,75.2,80.1,69.5,75.2,56.6,0.529,0.0,0.0,0.0,0.0,25.3,14.8,1018.3,0.3879999999999999,9.9,0.0,0.0,0.0,48676,1
2023-06-07,628.0,59.0,07310,71.1,58.7,64.9,71.1,58.7,64.9,43.0,0.456,0.0,0.0,0.0,0.0,29.9,8.8,1003.8,0.336,3.7,164.2,14.2,0.6,53989,1
2022-11-25,375.0,34.0,07030,55.1,46.7,49.2,55.1,40.4,46.4,38.2,0.6709999999999999,0.025,0.125,0.0,0.0,29.5,15.1,1013.4,0.627,8.7,31.0,2.6,0.2,34610,0
2023-06-06,812.0,78.0,07310,80.4,62.3,69.2,79.3,62.3,69.1,44.8,0.42,0.0,0.0,0.0,0.0,47.2,8.1,1005.1,0.225,6.4,237.0,20.5,0.9,53937,1
2022-12-04,502.0,49.0,07310,45.8,37.9,41.9,45.8,33.6,38.0,21.8,0.4479999999999999,0.0,0.0,0.0,0.0,32.2,11.8,1022.0,0.145,9.9,105.3,9.0,0.5,33884,0
2023-01-24,477.0,64.0,07030,45.1,35.0,39.4,39.4,27.5,33.9,23.1,0.52,0.0,0.0,0.0,0.0,28.8,14.8,1019.6,0.662,9.9,113.5,9.9,0.6,35429,1
2022-12-15,90.0,20.0,07302,42.5,32.7,37.9,37.5,25.4,31.3,30.5,0.75,0.549,0.4167,0.0,0.0,32.2,14.8,1020.7,0.7290000000000001,8.6,12.7,1.0,0.1,33378,1
2023-06-08,1689.0,98.0,07030,70.9,55.6,63.3,70.9,55.6,63.3,44.9,0.518,0.0,0.0,0.0,0.0,18.3,7.5,1005.8,0.735,4.9,207.0,17.8,0.8,54043,1
2023-07-19,597.0,78.0,07310,81.5,73.6,76.2,84.7,73.6,76.5,67.2,0.738,0.0,0.0,0.0,0.0,48.3,13.1,1016.2,0.446,7.8,123.7,10.6,0.6,52964,1
2023-01-22,157.0,26.0,07302,42.2,36.4,38.9,42.2,30.5,35.5,27.5,0.6459999999999999,0.344,0.2917,0.0,0.0,15.0,10.5,1018.6,0.922,8.4,47.0,4.2,0.3,35208,0
2022-11-08,762.0,91.0,07030,57.4,46.7,51.8,57.4,42.8,50.8,24.6,0.358,0.0,0.0,0.0,0.0,27.7,10.9,1033.2,0.0289999999999999,9.9,141.0,12.2,0.6,36579,1
2022-12-13,1749.0,31.0,07310,40.7,25.6,32.0,40.7,18.1,27.2,17.9,0.574,0.0,0.0,0.0,0.0,15.0,8.4,1024.3,0.031,9.9,101.6,8.8,0.5,33432,1
2023-01-04,2066.0,68.0,07030,65.3,49.7,57.9,65.3,47.7,57.8,52.0,0.812,0.015,0.1667,0.0,0.0,15.0,8.9,1009.8,0.602,8.2,59.1,5.1,0.3,33674,1
2023-01-02,644.0,41.0,07310,56.5,45.7,51.9,56.5,43.1,51.3,40.2,0.648,0.031,0.125,0.0,0.0,9.2,7.2,1019.3,0.574,9.5,43.8,3.6,0.3,33578,0
2023-04-24,313.0,44.0,07302,61.8,45.9,53.7,61.8,43.2,53.2,33.4,0.48,0.0,0.0,0.0,0.0,26.3,9.0,1017.2,0.351,9.9,248.2,21.6,1.0,49229,1
2023-02-07,540.0,65.0,07030,41.6,30.4,36.5,37.4,24.3,31.8,23.1,0.5870000000000001,0.01,0.0833,0.0,0.0,20.8,10.2,1025.2,0.19,9.9,102.0,8.8,0.5,37249,1
2023-08-14,539.0,60.0,07302,88.4,73.2,79.0,90.0,73.2,79.4,64.5,0.622,0.0,0.0,0.0,0.0,39.1,11.2,1014.2,0.204,9.9,0.0,0.0,0.0,49836,1
2022-11-03,514.0,51.0,07302,67.4,50.9,58.4,67.4,50.9,58.4,45.7,0.645,0.0,0.0,0.0,0.0,10.3,5.1,1028.4,0.043,9.9,145.6,12.6,0.6,37268,1
2023-06-19,1379.0,106.0,07310,78.9,66.4,71.5,78.9,66.4,71.5,58.3,0.636,0.0,0.0,0.0,0.0,18.3,12.3,1017.2,0.184,9.9,286.8,24.8,0.9,54338,0
2023-09-21,1065.0,121.0,07030,72.4,58.7,65.6,72.4,58.7,65.6,50.7,0.596,0.0,0.0,0.0,0.0,40.3,7.5,1024.3,0.043,9.9,232.8,20.1,0.8,43982,1
2023-09-15,683.0,76.0,07302,72.3,60.2,65.6,72.3,60.2,65.6,51.0,0.597,0.0,0.0,0.0,0.0,52.8,11.9,1017.4,0.057,9.9,176.8,15.2,0.8,44945,1
2023-04-14,1228.0,98.0,07310,90.3,65.5,78.6,86.5,65.5,77.4,43.0,0.295,0.0,0.0,0.0,0.0,20.8,11.4,1010.8,0.173,9.9,269.5,23.4,0.9,47714,1
2023-03-14,247.0,41.0,07030,38.9,33.4,35.5,38.9,23.9,27.4,29.6,0.7929999999999999,0.334,0.375,0.7,0.0,33.2,18.1,1000.8,0.971,6.3,56.7,4.8,0.3,42718,1
2022-12-20,297.0,31.0,07310,39.5,31.1,34.5,35.2,23.8,28.5,18.9,0.531,0.0,0.0,0.0,0.0,20.8,15.0,1028.8,0.107,9.9,101.5,8.7,0.5,33298,1
2023-05-14,1358.0,70.0,07310,74.9,60.8,67.3,74.9,60.8,67.3,35.7,0.315,0.0,0.0,0.0,0.0,39.0,12.1,1021.3,0.071,9.9,317.9,27.5,1.0,51910,0
2023-05-24,1070.0,106.0,07030,76.2,53.7,62.5,76.2,53.7,62.5,43.8,0.521,0.034,0.125,0.0,0.0,24.2,10.7,1018.0,0.246,9.7,264.1,22.8,0.8,52974,1
2023-08-16,1252.0,110.0,07030,81.0,69.6,74.8,84.2,69.6,75.2,68.1,0.8029999999999999,0.453,0.1667,0.0,0.0,23.0,9.2,1012.7,0.866,9.1,166.6,14.5,0.8,49557,1
2022-12-13,225.0,26.0,07302,41.0,25.7,32.2,39.1,18.0,26.9,17.9,0.57,0.0,0.0,0.0,0.0,19.5,8.5,1024.4,0.043,9.9,101.6,8.8,0.5,33436,1
2022-11-14,175.0,30.0,07302,45.2,37.3,41.2,42.2,30.1,35.8,23.2,0.489,0.0,0.0,0.0,0.0,24.2,14.4,1025.9,0.149,9.9,129.2,11.0,0.6,35820,1
2022-12-08,285.0,46.0,07302,54.4,43.8,50.6,54.4,40.0,49.0,38.2,0.629,0.0,0.0,0.0,0.0,26.4,17.2,1022.5,0.346,9.9,61.9,5.4,0.3,33649,1
2022-11-21,343.0,47.0,07030,40.8,26.8,34.2,36.1,20.2,28.2,11.9,0.402,0.0,0.0,0.0,0.0,26.4,12.8,1028.3,0.02,9.9,113.5,9.8,0.5,35013,1
2022-11-21,454.0,55.0,07310,41.5,27.0,34.6,35.7,19.6,28.4,11.9,0.396,0.0,0.0,0.0,0.0,29.5,13.9,1028.4,0.06,9.9,113.5,9.8,0.5,35017,1
2023-10-12,678.0,82.0,07310,71.9,55.9,63.3,71.9,55.9,63.3,49.6,0.634,0.0,0.0,0.0,0.0,48.3,6.7,1012.1,0.119,9.8,153.5,13.1,0.7,40620,1
2023-02-24,169.0,28.0,07302,46.6,28.7,41.1,43.8,22.8,36.9,24.9,0.565,0.0,0.0,0.0,0.0,38.4,10.9,1022.8,0.48,8.4,141.4,12.3,0.6,39818,1
2023-09-16,1914.0,108.0,07030,76.2,60.5,67.8,76.2,60.5,67.8,48.3,0.507,0.0,0.0,0.0,0.0,36.1,10.5,1012.8,0.048,9.9,196.6,17.1,0.8,44785,0
2023-01-24,213.0,36.0,07302,46.4,35.4,40.1,40.7,27.5,34.2,23.2,0.51,0.0,0.0,0.0,0.0,28.8,18.1,1019.8,0.68,9.9,113.5,9.9,0.6,35436,1
2023-04-16,4240.0,153.0,07030,69.1,57.4,62.4,69.1,57.4,62.4,56.1,0.8059999999999999,0.0,0.0,0.0,0.0,26.4,9.0,1009.7,0.852,7.6,193.9,16.8,0.7,48026,0
2023-01-27,612.0,57.0,07310,41.5,35.2,38.5,37.3,30.3,33.9,23.4,0.5479999999999999,0.0,0.0,0.0,0.0,20.8,12.4,1018.2,0.391,9.9,68.8,5.9,0.3,35790,1
2022-11-17,314.0,39.0,07302,45.7,37.8,40.6,39.7,30.8,34.5,24.3,0.528,0.0,0.0,0.0,0.0,27.2,15.7,1014.2,0.611,9.9,114.1,9.8,0.6,35463,1
2023-05-19,300.0,46.0,07302,67.5,53.6,60.1,67.5,53.6,60.1,47.3,0.635,0.0,0.0,0.0,0.0,35.8,16.0,1026.9,0.128,9.8,287.3,24.8,0.9,52466,1
2023-03-17,2330.0,87.0,07030,58.5,46.5,52.8,58.5,45.6,52.6,27.9,0.387,0.0,0.0,0.0,0.0,20.8,9.3,1006.5,0.467,9.9,128.8,11.2,0.6,43209,1
2023-03-15,227.0,35.0,07302,45.5,34.4,38.9,38.3,24.0,30.0,19.7,0.4679999999999999,0.0,0.0,0.0,0.0,42.1,23.5,1009.1,0.321,9.9,215.0,18.7,0.8,42882,1
2023-01-10,1160.0,72.0,07030,40.8,37.6,39.4,40.8,32.2,35.9,24.9,0.5589999999999999,0.0,0.0,0.0,0.0,16.1,8.2,1016.6,0.8759999999999999,9.8,23.5,1.9,0.1,34067,1
2023-01-03,265.0,32.0,07310,56.1,47.8,52.1,56.1,47.8,52.0,48.9,0.889,0.424,0.2917,0.0,0.0,13.9,7.8,1014.4,0.905,5.3,16.2,1.5,0.1,33626,1
2023-09-27,769.0,83.0,07310,65.9,53.8,60.6,65.9,53.8,60.6,47.9,0.635,0.0,0.0,0.0,0.0,25.8,16.2,1026.9,0.698,9.8,160.2,14.0,0.7,43017,1
2023-08-30,1017.0,95.0,07030,83.5,71.2,76.1,84.5,71.2,76.2,64.5,0.7020000000000001,0.164,0.0833,0.0,0.0,23.7,10.9,1006.7,0.601,9.5,0.0,0.0,0.0,47468,1
2023-02-27,378.0,47.0,07030,43.9,33.7,38.1,43.1,25.7,33.6,21.4,0.522,0.11,0.1667,0.0,0.1,28.9,13.0,1013.1,0.327,9.0,166.5,14.3,0.7,40290,1
2023-06-03,963.0,68.0,07302,70.1,58.1,65.9,70.1,58.1,65.9,55.3,0.687,0.0,0.0,0.0,0.0,25.3,15.6,1015.1,0.8190000000000001,9.7,91.1,7.9,0.3,53757,0
2023-10-26,417.0,64.0,07302,79.8,58.6,67.8,79.8,58.6,67.8,50.7,0.5529999999999999,0.0,0.0,0.0,0.0,49.4,8.9,1023.1,0.069,9.9,164.5,14.3,0.6,38464,1
2023-06-13,1322.0,112.0,07030,78.3,64.3,70.6,78.3,64.3,70.6,54.8,0.606,0.012,0.0417,0.0,0.0,18.3,10.2,1004.4,0.5770000000000001,9.5,287.9,24.9,0.9,54233,1
2023-10-09,596.0,63.0,07310,62.0,50.2,56.0,62.0,50.2,56.0,40.9,0.573,0.0,0.0,0.0,0.0,32.4,13.6,1008.6,0.377,9.9,160.4,13.8,0.9,41096,0
2023-04-12,2706.0,158.0,07030,83.6,64.3,73.1,80.9,64.3,72.5,35.0,0.253,0.0,0.0,0.0,0.0,27.7,12.0,1010.4,0.0559999999999999,9.9,256.6,22.3,0.9,47404,1
2023-02-20,430.0,45.0,07302,61.3,45.1,51.0,61.3,41.1,49.2,37.9,0.645,0.0,0.0,0.0,0.0,29.7,14.5,1007.2,0.421,9.8,95.3,8.4,0.6,39193,0
2022-11-20,164.0,26.0,07302,37.1,29.9,34.1,32.7,21.5,26.1,10.0,0.375,0.0,0.0,0.0,0.0,33.3,19.7,1020.1,0.207,9.9,121.3,10.5,0.5,35128,0
2023-06-24,2233.0,123.0,07030,78.1,68.6,72.8,78.1,68.6,72.8,68.0,0.855,0.062,0.25,0.0,0.0,16.1,10.8,1010.9,0.7190000000000001,7.7,159.6,13.9,0.6,54333,0
2022-12-29,594.0,40.0,07310,50.5,38.9,44.6,50.5,34.1,41.4,25.9,0.479,0.0,0.0,0.0,0.0,19.7,8.9,1025.6,0.193,9.9,84.7,7.3,0.4,33419,1
2022-11-07,2743.0,116.0,07030,76.2,56.7,70.0,76.2,56.7,70.0,46.2,0.499,0.005,0.0833,0.0,0.0,26.4,10.3,1022.0,0.261,9.9,139.9,12.2,0.6,36714,1
2023-04-23,1977.0,119.0,07030,67.1,53.9,58.5,67.1,53.9,58.5,48.6,0.7340000000000001,1.415,0.5,0.0,0.0,20.8,10.5,1010.8,0.87,7.2,179.4,15.5,1.0,49086,0
2023-08-27,3452.0,164.0,07030,83.4,69.9,76.3,84.1,69.9,76.5,62.3,0.628,0.0,0.0,0.0,0.0,16.1,7.3,1013.0,0.107,9.9,0.0,0.0,0.0,47927,0
2023-08-07,720.0,83.0,07310,80.7,68.4,75.0,84.2,68.4,75.4,69.3,0.828,0.319,0.375,0.0,0.0,24.2,13.0,1011.7,0.901,8.4,166.3,14.4,1.0,50794,1
2023-01-19,205.0,33.0,07030,44.5,39.8,41.4,43.2,34.5,38.6,35.3,0.799,0.808,0.625,0.0,0.0,20.8,8.3,1012.3,0.6970000000000001,6.7,10.0,0.6,0.0,34880,1
2022-12-14,735.0,70.0,07030,38.4,30.8,33.9,37.1,22.5,27.1,17.4,0.514,0.0,0.0,0.0,0.0,23.8,12.9,1020.6,0.061,9.9,97.0,8.3,0.5,33396,1
2023-06-19,1745.0,85.0,07302,78.6,66.5,71.5,78.6,66.5,71.5,58.4,0.639,0.0,0.0,0.0,0.0,18.3,12.3,1017.2,0.191,9.9,286.8,24.8,0.9,54334,0
2022-11-24,300.0,20.0,07302,53.8,37.4,46.1,53.8,33.6,44.2,32.8,0.602,0.0,0.0,0.0,0.0,16.8,7.9,1027.2,0.184,9.9,107.5,9.2,0.5,34714,0
2022-12-13,563.0,80.0,07030,39.9,24.9,31.4,39.9,18.0,26.8,17.9,0.585,0.0,0.0,0.0,0.0,19.7,8.3,1024.3,0.01,9.9,101.6,8.8,0.5,33427,1
2023-01-17,517.0,44.0,07310,47.0,34.9,41.8,47.0,30.2,39.4,15.3,0.3429999999999999,0.0,0.0,0.0,0.0,18.3,7.1,1006.0,0.667,9.9,49.8,4.3,0.2,34682,1
2022-12-22,144.0,21.0,07030,45.3,33.9,39.6,39.9,28.2,34.4,33.4,0.792,0.214,0.4167,0.0,0.0,27.1,18.2,1024.8,0.68,8.4,17.4,1.5,0.1,33293,1
2023-02-20,541.0,43.0,07310,61.2,45.3,51.1,61.2,41.3,49.3,37.8,0.64,0.0,0.0,0.0,0.0,29.7,14.3,1007.2,0.397,9.8,95.4,8.4,0.6,39191,0
2023-09-20,944.0,70.0,07310,76.5,60.1,68.4,76.5,60.1,68.4,50.3,0.535,0.0,0.0,0.0,0.0,21.9,7.8,1020.6,0.07,9.9,231.5,20.1,0.8,44144,1
2023-07-12,2978.0,134.0,07030,90.1,74.9,82.8,89.9,74.9,82.9,61.2,0.491,0.004,0.0417,0.0,0.0,47.0,7.3,1012.9,0.1,9.9,288.6,25.0,1.0,53552,1
2023-02-14,638.0,69.0,07030,54.3,41.2,47.8,54.3,36.2,45.7,22.1,0.367,0.0,0.0,0.0,0.0,25.3,11.0,1016.0,0.015,9.9,169.3,14.7,0.7,38272,1
2023-07-02,3432.0,99.0,07030,86.1,70.8,76.8,90.8,70.8,78.0,69.3,0.7829999999999999,0.156,0.25,0.0,0.0,26.1,10.1,1011.2,0.722,7.3,169.0,14.5,0.8,54125,0
2023-07-28,622.0,76.0,07302,91.9,76.8,84.1,97.4,76.8,87.0,70.4,0.649,0.008,0.0417,0.0,0.0,19.7,10.7,1014.8,0.255,9.7,277.8,23.9,1.0,52025,1
2023-03-03,411.0,64.0,07030,45.6,36.8,40.7,45.6,32.5,36.9,26.5,0.578,0.08,0.1667,0.0,0.0,29.8,14.6,1015.0,0.4039999999999999,9.7,112.6,9.7,0.6,40932,1
2023-10-02,2771.0,104.0,07030,77.9,64.0,69.6,77.9,64.0,69.6,58.2,0.679,0.0,0.0,0.0,0.0,21.9,7.1,1021.9,0.148,9.9,211.0,18.2,0.8,42213,1
2023-03-20,537.0,65.0,07030,50.6,31.3,40.5,50.6,25.0,36.8,16.6,0.385,0.0,0.0,0.0,0.0,31.1,11.4,1024.6,0.004,9.9,239.8,20.6,0.8,43700,1
2023-07-07,2296.0,149.0,07030,86.4,74.7,79.0,91.4,74.7,80.6,70.5,0.76,0.0,0.0,0.0,0.0,19.7,7.1,1011.2,0.4379999999999999,9.7,270.0,23.3,0.9,53879,1
2023-06-26,253.0,40.0,07302,78.9,70.1,72.9,78.9,70.1,72.9,67.6,0.841,0.1,0.375,0.0,0.0,55.3,11.1,1007.8,0.527,8.7,126.2,10.8,0.5,54293,1
2023-06-23,1281.0,86.0,07030,70.9,65.0,67.6,70.9,65.0,67.6,63.4,0.863,0.032,0.125,0.0,0.0,19.7,7.8,1016.8,0.976,8.3,62.5,5.3,0.2,54342,1
2023-02-14,1665.0,36.0,07302,55.1,42.0,48.1,55.1,38.4,47.1,23.3,0.38,0.0,0.0,0.0,0.0,36.7,10.1,1016.3,0.025,9.9,169.3,14.7,0.7,38277,1
2023-07-22,1390.0,92.0,07302,85.3,70.9,78.1,83.8,70.9,77.9,58.6,0.526,0.029,0.0833,0.0,0.0,52.0,9.3,1009.0,0.109,9.9,280.7,24.3,1.0,52670,0
2023-01-17,187.0,32.0,07302,47.0,34.5,41.7,47.0,29.6,39.2,15.5,0.347,0.0,0.0,0.0,0.0,17.2,7.5,1006.0,0.7,9.9,49.8,4.3,0.2,34686,1
2022-12-23,56.0,9.0,07302,57.3,9.0,38.2,57.3,-9.7,30.3,30.6,0.75,1.048,0.5,0.1,0.0,43.6,30.0,993.1,0.8759999999999999,7.5,18.3,1.8,0.1,33306,1
2022-11-02,472.0,54.0,07302,70.6,56.4,62.5,70.6,56.4,62.5,47.1,0.594,0.0,0.0,0.0,0.0,23.0,11.0,1024.5,0.094,9.9,147.9,12.7,0.6,37410,1
2023-04-13,1097.0,59.0,07302,85.1,66.1,76.9,82.3,66.1,75.9,43.2,0.308,0.0,0.0,0.0,0.0,35.6,11.9,1010.6,0.01,9.9,279.3,24.2,0.9,47557,1
2023-03-26,827.0,54.0,07302,62.9,43.9,52.6,62.9,39.4,51.5,31.6,0.529,0.0,0.0,0.0,0.0,27.8,14.4,1011.5,0.271,8.4,255.3,21.8,0.9,44678,0
2023-05-01,818.0,60.0,07310,61.0,49.7,56.3,61.0,44.7,55.7,41.2,0.594,0.039,0.1667,0.0,0.0,36.8,17.5,992.1,0.733,9.3,204.7,17.8,0.7,50234,1
2023-09-07,487.0,65.0,07302,92.5,77.4,84.0,98.7,77.4,86.9,69.0,0.618,0.0,0.0,0.0,0.0,42.5,10.0,1009.4,0.054,9.7,232.1,20.1,0.8,46216,1
2023-10-22,787.0,49.0,07302,60.7,49.9,55.6,60.7,47.6,55.5,40.1,0.569,0.0,0.0,0.0,0.0,49.4,14.4,1004.1,0.77,9.9,119.2,10.2,0.9,39067,0
2022-12-23,122.0,15.0,07310,57.2,9.0,38.0,57.2,-8.9,30.5,30.6,0.754,1.093,0.5,0.1,0.0,43.6,30.0,993.1,0.8809999999999999,7.5,18.3,1.8,0.1,33303,1
2023-09-17,1844.0,104.0,07030,76.6,59.4,67.9,76.6,59.4,67.9,53.3,0.61,0.122,0.125,0.0,0.0,56.4,5.8,1013.6,0.278,9.4,212.3,18.4,1.0,44625,0
2023-03-29,331.0,38.0,07302,55.1,41.5,46.6,55.1,36.9,44.0,24.3,0.434,0.0,0.0,0.0,0.0,34.4,10.5,1019.9,0.053,9.9,252.5,21.9,0.9,45165,1
2023-09-14,557.0,74.0,07302,80.0,67.2,73.0,79.8,67.2,73.0,55.5,0.565,0.014,0.0833,0.0,0.0,54.7,10.3,1016.8,0.241,9.8,251.3,21.8,0.8,45105,1
2023-04-06,623.0,41.0,07302,76.7,47.4,59.2,76.7,43.7,58.4,50.0,0.745,0.0,0.0,0.0,0.0,47.2,10.2,1019.9,0.813,5.7,143.4,12.5,0.6,46452,1
2023-01-12,328.0,38.0,07030,53.8,37.0,44.6,53.8,31.9,42.2,39.5,0.825,0.183,0.3333,0.0,0.0,32.2,12.0,1017.4,1.0,8.5,16.2,1.5,0.1,34227,1
2022-12-07,118.0,24.0,07302,58.6,55.5,57.3,58.6,55.5,57.3,55.2,0.926,0.356,0.375,0.0,0.0,28.9,11.0,1020.8,0.957,4.9,15.5,1.3,0.1,33703,1
2023-10-27,1905.0,101.0,07030,74.3,61.9,67.1,74.3,61.9,67.1,53.5,0.619,0.0,0.0,0.0,0.0,9.2,7.5,1019.2,0.059,9.9,73.6,6.5,0.3,38310,1
2023-06-02,902.0,92.0,07310,86.9,64.0,74.0,86.3,64.0,73.7,57.2,0.5820000000000001,0.058,0.0417,0.0,0.0,42.5,9.1,1012.9,0.1119999999999999,9.3,287.3,24.9,1.0,53696,1
2023-04-17,1132.0,98.0,07030,66.4,53.5,58.2,66.4,53.5,58.2,47.0,0.72,0.002,0.0833,0.0,0.0,25.3,15.7,1003.1,0.86,6.8,123.0,10.7,0.8,48180,1
2022-12-05,633.0,63.0,07310,47.7,34.3,41.3,46.6,32.7,39.6,23.3,0.504,0.0,0.0,0.0,0.0,10.5,8.6,1024.6,0.134,9.9,94.3,8.2,0.5,33818,1
2023-06-22,733.0,81.0,07310,71.2,60.2,65.5,71.2,60.2,65.5,55.8,0.7140000000000001,0.002,0.0833,0.0,0.0,27.1,17.4,1021.2,0.976,9.4,97.1,8.4,0.3,54343,1
2023-01-19,80.0,13.0,07302,44.3,40.7,41.8,43.4,35.9,39.1,36.0,0.805,0.846,0.625,0.0,0.0,19.5,8.7,1012.3,0.764,6.6,10.0,0.6,0.0,34887,1
2023-10-02,1491.0,90.0,07310,78.9,65.5,70.5,78.9,65.5,70.5,58.7,0.6709999999999999,0.0,0.0,0.0,0.0,40.3,7.9,1022.0,0.139,9.9,211.0,18.2,0.8,42214,1
2023-05-28,751.0,50.0,07302,76.4,58.9,67.3,76.4,58.9,67.3,43.5,0.431,0.0,0.0,0.0,0.0,39.1,8.3,1020.6,0.072,9.9,312.1,27.0,1.0,53318,0
2023-03-31,255.0,35.0,07302,54.5,38.8,46.0,54.5,34.6,43.8,30.4,0.552,0.0,0.0,0.0,0.0,35.6,11.4,1023.2,0.639,9.9,139.1,12.0,0.6,45488,1
2023-01-05,358.0,31.0,07302,51.2,46.1,49.1,51.2,42.2,47.6,46.3,0.903,0.007,0.0417,0.0,0.0,9.2,7.5,1013.4,1.0,5.7,26.9,2.3,0.1,33739,1
2023-02-25,171.0,23.0,07310,33.2,24.5,28.8,31.8,16.9,23.6,15.9,0.583,0.0,0.0,0.1,0.0,18.3,7.4,1029.3,0.5820000000000001,9.8,68.9,6.1,0.2,39974,0
2023-08-03,728.0,88.0,07310,79.1,67.4,72.8,79.1,67.4,72.8,57.4,0.589,0.007,0.0417,0.0,0.0,39.1,15.4,1019.6,0.335,9.8,241.8,21.1,0.8,51309,1
2023-01-10,165.0,29.0,07302,41.4,36.9,39.5,40.3,31.2,35.8,25.1,0.561,0.0,0.0,0.0,0.0,15.0,8.2,1016.7,0.878,9.8,23.5,1.9,0.1,34076,1
2022-12-21,203.0,31.0,07302,40.7,27.7,33.8,40.7,21.0,32.1,20.6,0.589,0.0,0.0,0.0,0.0,9.2,6.5,1031.9,0.207,9.9,96.7,8.3,0.4,33300,1
2023-07-24,648.0,64.0,07302,84.9,74.3,78.7,86.6,74.3,79.3,64.6,0.627,0.0,0.0,0.0,0.0,36.7,9.6,1018.8,0.083,9.7,232.6,20.1,0.9,52464,1
2023-06-04,2740.0,92.0,07302,69.5,52.8,60.7,69.5,52.8,60.7,45.0,0.5760000000000001,0.007,0.0417,0.0,0.0,23.5,15.2,1016.7,0.7559999999999999,9.9,186.8,16.2,0.7,53819,0
2023-02-12,1316.0,58.0,07030,47.2,36.8,41.7,47.2,33.5,39.4,22.8,0.473,0.007,0.0417,0.0,0.0,18.4,11.0,1017.8,0.239,9.9,69.9,6.0,0.3,37974,0
2023-08-13,2559.0,107.0,07302,88.6,70.1,79.3,90.0,70.1,80.3,66.4,0.6679999999999999,0.158,0.125,0.0,0.0,36.7,11.2,1011.7,0.4479999999999999,9.7,0.0,0.0,0.0,49976,0
2022-11-12,749.0,58.0,07302,70.2,62.9,67.4,70.2,62.9,67.4,56.4,0.69,0.054,0.1667,0.0,0.0,34.7,14.6,1002.6,0.758,9.2,105.4,9.0,0.6,36068,0
2023-04-10,4041.0,132.0,07030,65.2,41.8,52.5,65.2,38.9,51.3,30.6,0.466,0.0,0.0,0.0,0.0,20.8,11.4,1029.8,0.01,9.9,277.4,23.8,0.9,47090,1
2023-08-05,1605.0,100.0,07310,85.0,71.1,77.8,85.1,71.1,77.8,62.4,0.616,0.0,0.0,0.0,0.0,10.3,8.9,1014.5,0.39,9.7,140.8,12.1,0.9,51055,0
2023-07-21,1949.0,136.0,07030,85.5,72.2,78.2,87.4,72.2,78.8,66.5,0.6890000000000001,0.105,0.2082999999999999,0.0,0.0,21.9,11.9,1008.0,0.487,9.0,255.2,22.2,1.0,52777,1
2023-03-24,1211.0,74.0,07030,58.0,44.0,49.6,58.0,39.4,48.3,31.2,0.498,0.0,0.0,0.0,0.0,27.7,9.6,1013.9,0.342,9.9,119.4,10.4,0.5,44353,1
2023-01-29,220.0,27.0,07310,52.1,42.7,47.2,52.1,40.4,45.7,30.8,0.534,0.0,0.0,0.0,0.0,27.4,9.8,1023.2,0.406,9.9,41.0,3.5,0.2,36040,0
2023-06-19,3289.0,144.0,07030,79.9,65.8,71.5,79.9,65.8,71.5,57.8,0.624,0.0,0.0,0.0,0.0,18.3,10.7,1017.0,0.159,9.9,286.8,24.8,0.9,54343,0
2023-07-14,1655.0,66.0,07302,84.6,73.7,78.8,90.4,73.7,80.7,69.8,0.742,0.054,0.1667,0.0,0.0,34.4,13.6,1011.9,0.6679999999999999,9.2,200.7,17.3,0.9,53391,1
2022-12-31,212.0,17.0,07302,54.7,49.3,52.0,54.7,47.6,51.9,48.9,0.893,0.26,0.375,0.0,0.0,12.8,6.6,1015.6,0.924,4.3,14.1,1.1,0.1,33495,0
2023-09-08,587.0,71.0,07302,89.6,74.7,78.4,99.7,74.7,80.2,69.4,0.7440000000000001,0.019,0.25,0.0,0.0,43.6,9.3,1013.7,0.421,8.9,154.9,13.2,0.8,46058,1
2023-03-06,674.0,88.0,07030,52.0,39.6,46.0,52.0,34.8,43.2,21.8,0.4,0.0,0.0,0.0,0.0,21.9,9.3,1018.3,0.208,9.9,177.3,15.3,0.6,41416,1
2023-01-26,1705.0,57.0,07030,55.3,40.6,46.0,55.3,33.9,41.5,33.7,0.636,0.48,0.2082999999999999,0.0,0.0,33.3,19.2,1002.7,0.916,9.2,37.4,3.3,0.1,35665,1
2023-09-04,2020.0,136.0,07030,87.8,73.8,80.9,92.4,73.8,82.9,67.7,0.648,0.005,0.0833,0.0,0.0,38.0,6.3,1011.3,0.177,9.8,167.5,14.6,0.9,46690,0
2023-01-21,202.0,31.0,07302,42.7,37.5,39.4,39.1,29.4,34.5,25.0,0.5589999999999999,0.0,0.0,0.0,0.0,31.1,16.0,1019.5,0.984,9.9,39.7,3.6,0.2,35098,0
2023-03-01,168.0,32.0,07302,43.6,34.5,40.2,40.5,29.0,35.2,31.1,0.708,0.008,0.0833,0.0,0.8,21.9,11.4,1018.9,0.537,9.4,134.4,11.7,0.7,40612,1
2023-10-30,324.0,44.0,07302,61.0,51.7,56.4,61.0,51.7,56.4,51.7,0.848,0.116,0.25,0.0,0.0,30.1,8.5,1010.4,0.978,8.1,41.5,3.7,0.3,37874,1
2023-08-24,594.0,70.0,07310,73.9,66.8,70.8,73.9,66.8,70.8,62.6,0.757,0.034,0.25,0.0,0.0,43.6,10.5,1017.9,0.981,9.4,0.0,0.0,0.0,48380,1
2023-09-06,1099.0,103.0,07030,92.6,76.8,84.4,96.7,76.8,87.0,69.2,0.622,0.01,0.0833,0.0,0.0,8.1,5.3,1010.5,0.099,9.6,250.5,21.5,0.8,46376,1
2023-10-16,591.0,78.0,07310,66.2,48.4,56.7,66.2,45.7,56.3,45.1,0.664,0.0,0.0,0.0,0.0,34.4,8.2,1003.7,0.384,9.9,116.7,10.0,0.8,39992,1
2022-12-22,172.0,27.0,07310,45.8,33.7,39.8,40.5,28.2,34.8,33.7,0.792,0.218,0.375,0.0,0.0,26.8,15.3,1024.7,0.7390000000000001,8.7,17.4,1.5,0.1,33297,1
2023-10-07,446.0,46.0,07030,69.5,54.6,64.3,69.5,54.6,64.3,59.6,0.85,0.22,0.4583,0.0,0.0,27.5,10.4,1006.4,0.919,7.1,56.9,5.0,0.3,41412,0
2023-02-25,235.0,32.0,07030,32.9,23.5,27.9,32.9,15.6,23.3,14.3,0.563,0.0,0.0,0.1,0.0,21.9,9.2,1029.0,0.568,9.7,68.9,6.1,0.2,39973,0
2023-09-25,30.0,6.0,07302,64.4,59.9,61.7,64.4,59.9,61.7,59.1,0.911,0.155,0.875,0.0,0.0,33.0,22.6,1017.7,1.0,4.9,28.1,2.4,0.1,43339,1
2023-09-24,84.0,17.0,07302,65.8,62.6,64.1,65.8,62.6,64.1,61.7,0.919,0.281,0.9583,0.0,0.0,30.5,20.6,1015.4,1.0,6.0,43.0,3.7,0.3,43500,0
2023-04-12,1079.0,97.0,07310,84.5,63.6,73.3,81.5,63.6,72.5,35.7,0.26,0.0,0.0,0.0,0.0,32.9,11.3,1010.6,0.067,9.9,256.6,22.3,0.9,47403,1
2023-09-29,306.0,18.0,07030,62.4,60.3,61.3,62.4,60.3,61.3,57.9,0.884,3.08,0.75,0.0,0.0,25.3,15.1,1021.2,1.0,5.5,26.6,2.2,0.1,42695,1
2023-09-30,669.0,57.0,07302,66.8,58.7,62.5,66.8,58.7,62.5,57.1,0.8270000000000001,0.009,0.125,0.0,0.0,37.9,12.3,1021.4,0.94,9.3,67.8,6.1,0.4,42535,0
2023-05-11,2865.0,132.0,07030,79.9,56.5,68.8,79.9,56.5,68.8,40.2,0.367,0.0,0.0,0.0,0.0,23.0,10.8,1018.8,0.051,9.7,290.0,25.0,0.9,51554,1
2023-02-07,139.0,24.0,07302,42.1,32.0,37.2,38.6,24.5,32.0,24.6,0.606,0.003,0.0417,0.0,0.0,44.7,14.2,1025.5,0.208,9.9,102.0,8.8,0.5,37255,1
2023-06-23,455.0,61.0,07302,70.3,65.1,67.4,70.3,65.1,67.4,63.5,0.875,0.015,0.0833,0.0,0.0,13.9,8.7,1017.0,0.973,9.1,62.5,5.3,0.2,54333,1
2023-03-10,3138.0,44.0,07310,45.0,37.0,41.1,44.9,30.3,37.1,30.8,0.6679999999999999,0.094,0.2082999999999999,0.0,0.0,41.4,9.7,1014.8,0.64,9.6,79.0,6.7,0.4,42066,1
2023-02-04,196.0,27.0,07030,26.5,5.0,15.2,18.3,-11.2,3.3,-5.6,0.3929999999999999,0.0,0.0,0.0,0.0,33.8,16.3,1033.9,0.2339999999999999,9.9,146.0,12.6,0.6,36830,0
2023-06-04,1425.0,69.0,07310,69.4,52.5,60.5,69.4,52.5,60.5,44.8,0.575,0.007,0.0417,0.0,0.0,23.1,14.7,1016.7,0.743,9.9,186.8,16.2,0.7,53823,0
2023-06-16,1146.0,103.0,07030,79.2,64.5,68.7,79.2,64.5,68.7,56.0,0.654,0.273,0.2082999999999999,0.0,0.0,46.1,8.2,1006.1,0.355,9.2,180.9,15.7,0.8,54305,1
2023-09-26,413.0,59.0,07030,60.9,57.5,59.4,60.9,57.5,59.4,53.9,0.8190000000000001,0.121,0.5,0.0,0.0,25.3,11.4,1026.4,0.953,7.3,30.0,2.4,0.1,43178,1
2023-04-09,2245.0,119.0,07030,54.3,40.8,46.4,54.3,39.0,45.0,25.6,0.4529999999999999,0.0,0.0,0.0,0.0,24.3,13.2,1032.2,0.031,9.9,279.4,24.1,0.9,46932,0
2023-10-10,1408.0,67.0,07302,64.6,54.4,58.9,64.6,54.4,58.9,47.8,0.675,0.005,0.0833,0.0,0.0,24.2,11.2,1010.0,0.634,9.7,147.8,12.7,0.7,40937,1
2023-10-09,777.0,83.0,07030,60.5,49.0,54.8,60.5,44.2,54.5,39.6,0.568,0.0,0.0,0.0,0.0,26.4,11.8,1008.4,0.3879999999999999,9.9,160.4,13.8,0.9,41094,0
2023-04-03,939.0,85.0,07030,57.4,38.2,48.1,57.4,33.7,46.7,26.6,0.4379999999999999,0.0,0.0,0.0,0.0,29.1,12.2,1019.1,0.022,9.9,253.0,21.9,0.9,45973,1
2023-04-02,712.0,51.0,07310,53.2,41.6,48.0,53.2,36.1,45.8,20.1,0.362,0.006,0.0417,0.0,0.0,39.4,10.6,1011.3,0.285,9.9,275.2,24.0,0.9,45812,0
2023-10-20,306.0,32.0,07302,64.0,60.1,61.8,64.0,60.1,61.8,58.5,0.887,0.248,0.7917000000000001,0.0,0.0,34.4,9.3,1007.3,0.929,8.4,26.8,2.3,0.2,39373,1
2023-09-27,240.0,39.0,07302,66.2,54.1,60.8,66.2,54.1,60.8,48.1,0.633,0.0,0.0,0.0,0.0,26.3,16.3,1027.0,0.7240000000000001,9.8,160.2,14.0,0.7,43017,1
2023-10-15,1994.0,49.0,07302,63.0,51.8,56.3,63.0,51.8,56.3,44.4,0.6579999999999999,0.005,0.125,0.0,0.0,27.7,9.1,1000.3,0.772,9.9,154.9,13.5,0.9,40150,0
2023-07-26,784.0,75.0,07302,86.4,68.8,77.5,89.2,68.8,78.6,65.6,0.685,0.007,0.0417,0.0,0.0,43.9,9.6,1018.6,0.053,9.6,288.5,24.8,0.9,52249,1
2023-06-02,1533.0,117.0,07030,87.9,64.9,74.4,87.3,64.9,74.1,57.5,0.581,0.127,0.0833,0.0,0.0,19.7,7.2,1012.7,0.126,9.0,287.3,24.9,1.0,53700,1
2023-03-28,456.0,63.0,07310,51.9,43.6,47.1,51.9,39.0,45.5,33.0,0.609,0.001,0.0417,0.0,0.0,43.6,9.2,1018.0,0.857,9.9,116.2,10.0,0.5,45003,1
2023-02-08,179.0,32.0,07302,55.5,38.2,46.1,55.5,33.4,43.8,29.6,0.557,0.016,0.125,0.0,0.0,41.4,9.9,1022.5,0.171,9.7,148.3,12.8,0.6,37397,1
2023-05-07,4022.0,85.0,07310,76.9,55.6,65.9,76.9,55.6,65.9,43.7,0.457,0.006,0.0833,0.0,0.0,53.8,10.8,1015.5,0.1989999999999999,9.9,278.9,23.9,0.9,51042,0
2023-05-09,721.0,71.0,07310,67.2,55.9,61.6,67.2,55.9,61.6,35.1,0.3779999999999999,0.0,0.0,0.0,0.0,40.3,11.7,1014.5,0.1159999999999999,9.9,232.6,20.0,1.0,51300,1
2023-02-02,437.0,64.0,07030,39.6,28.8,34.1,35.0,24.3,29.4,12.3,0.407,0.004,0.0417,0.0,0.0,54.1,10.9,1019.7,0.051,9.9,136.6,11.6,0.6,36559,1
2023-01-26,109.0,24.0,07302,56.4,41.0,46.4,56.4,34.0,41.4,34.1,0.636,0.475,0.1667,0.0,0.0,38.6,18.6,1002.9,0.8959999999999999,9.2,37.5,3.3,0.1,35672,1
2023-07-10,1518.0,126.0,07030,84.8,72.1,77.5,86.1,72.1,77.9,66.3,0.7120000000000001,0.026,0.0833,0.0,0.0,42.5,10.0,1007.9,0.598,9.6,212.4,18.3,0.9,53692,1
2023-08-26,1078.0,98.0,07310,85.3,73.5,77.9,86.5,73.5,78.7,68.7,0.7509999999999999,0.075,0.125,0.0,0.0,19.7,8.9,1010.2,0.541,9.1,0.0,0.0,0.0,48077,0
2023-07-07,1309.0,126.0,07310,86.1,74.5,78.8,90.9,74.5,80.3,70.8,0.7759999999999999,0.0,0.0,0.0,0.0,19.7,6.6,1011.4,0.467,9.8,270.0,23.3,0.9,53874,1
2023-03-28,135.0,28.0,07302,52.0,43.8,47.2,52.0,38.9,45.5,33.1,0.61,0.001,0.0417,0.0,0.0,43.6,9.4,1018.1,0.857,9.9,116.2,10.0,0.5,45003,1
2023-09-21,544.0,59.0,07310,74.0,60.7,67.4,74.0,60.7,67.4,51.6,0.579,0.0,0.0,0.0,0.0,47.2,10.4,1024.4,0.068,9.8,232.8,20.1,0.8,43983,1
2023-02-15,270.0,38.0,07302,65.0,45.6,54.6,65.0,43.2,53.9,35.2,0.486,0.007,0.0417,0.0,0.0,45.8,13.0,1017.3,0.156,9.9,100.5,8.5,0.5,38427,1
2023-10-21,746.0,41.0,07310,65.7,57.8,60.8,65.7,57.8,60.8,53.3,0.78,0.116,0.25,0.0,0.0,34.4,14.2,993.5,0.818,8.6,51.7,4.6,0.3,39218,0
2023-01-26,391.0,51.0,07310,56.3,41.0,46.4,56.3,34.1,41.6,34.1,0.637,0.48,0.1667,0.0,0.0,38.6,18.3,1002.8,0.902,9.2,37.4,3.3,0.1,35669,1
2023-10-10,702.0,84.0,07310,64.4,54.3,58.7,64.4,54.3,58.7,47.6,0.6729999999999999,0.007,0.0833,0.0,0.0,24.2,10.6,1009.9,0.631,9.7,147.8,12.7,0.7,40936,1
2022-12-03,417.0,34.0,07310,58.1,46.1,52.7,58.1,42.4,52.0,44.5,0.748,0.455,0.3333,0.0,0.0,35.4,18.3,1020.0,0.7809999999999999,8.6,7.5,0.7,0.0,33951,0
2023-04-15,28316.0,112.0,07030,74.0,59.8,67.2,74.0,59.8,67.2,57.4,0.725,0.042,0.0833,0.0,0.0,26.5,13.6,1011.9,0.626,9.2,168.4,14.5,0.8,47872,0
2023-08-28,1126.0,89.0,07310,75.6,71.2,72.8,75.6,71.2,72.8,65.1,0.769,0.0,0.0,0.0,0.0,51.7,8.7,1017.1,0.816,9.8,0.0,0.0,0.0,47773,1
2023-10-22,828.0,67.0,07030,57.9,49.0,54.4,57.9,45.1,54.2,39.3,0.575,0.0,0.0,0.0,0.0,41.2,12.4,1003.8,0.8320000000000001,9.9,119.2,10.2,0.9,39064,0
2023-06-25,4327.0,177.0,07030,82.6,70.2,75.6,85.6,70.2,76.1,67.7,0.7709999999999999,0.019,0.1667,0.0,0.0,31.1,9.6,1009.5,0.214,9.7,220.6,19.0,1.0,54319,0
2023-02-11,459.0,35.0,07302,48.1,37.9,42.6,45.0,31.7,38.7,20.2,0.411,0.0,0.0,0.0,0.0,31.0,11.8,1023.8,0.125,9.9,159.8,13.6,0.6,37831,0
2023-03-25,321.0,31.0,07310,47.3,42.9,44.1,42.9,35.1,37.8,35.9,0.745,0.051,0.3333,0.0,0.0,29.8,18.3,1013.8,0.7959999999999999,8.1,16.1,1.4,0.1,44515,0
2023-01-08,370.0,32.0,07310,41.3,33.7,37.5,40.1,28.1,33.9,22.2,0.542,0.0,0.0,0.0,0.0,16.1,8.9,1024.4,0.2,9.9,86.4,7.4,0.4,33927,0
2022-11-06,1478.0,94.0,07030,73.8,65.8,69.5,73.8,65.8,69.5,61.6,0.764,0.003,0.0833,0.0,0.0,23.3,7.8,1022.3,0.743,9.9,56.6,5.1,0.3,36849,0
2023-10-16,835.0,91.0,07030,64.1,48.1,55.3,64.1,45.8,54.7,44.5,0.677,0.002,0.0833,0.0,0.0,20.8,7.6,1003.5,0.409,9.9,116.7,10.0,0.8,39991,1
2023-01-29,590.0,75.0,07030,52.3,41.5,47.3,52.3,39.5,46.1,30.6,0.529,0.0,0.0,0.0,0.0,20.1,10.0,1022.9,0.389,9.9,41.0,3.5,0.2,36037,0
2023-10-23,304.0,46.0,07302,64.5,48.5,55.1,64.5,46.2,54.5,39.5,0.562,0.0,0.0,0.0,0.0,34.7,8.4,1019.6,0.099,9.9,166.8,14.4,0.7,38915,1
2023-04-27,524.0,60.0,07310,56.8,51.3,53.4,56.8,51.3,53.4,44.6,0.722,0.0,0.0,0.0,0.0,40.3,7.6,1023.0,0.784,9.8,80.4,7.1,0.4,49667,1
2023-08-20,1433.0,97.0,07310,86.4,66.4,76.5,85.3,66.4,76.4,57.3,0.528,0.0,0.0,0.0,0.0,18.3,8.5,1018.8,0.053,9.9,0.0,0.0,0.0,48974,0
2023-09-18,269.0,29.0,07302,68.8,63.8,66.6,68.8,63.8,66.6,63.9,0.911,0.238,0.8332999999999999,0.0,0.0,21.9,8.4,1008.7,0.883,7.2,30.2,2.6,0.1,44464,1
2023-07-31,2787.0,102.0,07030,83.1,67.0,74.9,81.7,67.0,74.7,53.6,0.484,0.008,0.0833,0.0,0.0,19.7,8.0,1014.8,0.174,9.9,267.7,23.1,1.0,51681,1
2022-12-23,65.0,12.0,07030,57.2,8.8,37.7,57.2,-8.5,30.2,30.5,0.76,1.272,0.625,0.1,0.0,42.5,23.9,993.0,0.889,7.4,18.3,1.8,0.1,33297,1
2023-09-12,1083.0,98.0,07310,84.8,69.5,75.3,86.3,69.5,75.8,66.5,0.755,0.0,0.0,0.0,0.0,47.2,7.9,1015.4,0.286,9.7,150.9,13.2,0.9,45424,1
2023-06-27,360.0,51.0,07302,80.1,66.9,71.8,82.4,66.9,71.9,66.3,0.8370000000000001,0.117,0.2917,0.0,0.0,37.8,8.6,1005.9,0.58,8.7,160.4,13.7,0.7,54272,1
2022-12-14,170.0,30.0,07302,39.1,31.3,34.5,35.4,22.9,27.3,17.3,0.5,0.0,0.0,0.0,0.0,25.3,13.9,1020.7,0.201,9.9,97.0,8.3,0.5,33405,1
2023-07-25,1294.0,117.0,07030,85.2,69.9,75.6,89.2,69.9,76.3,66.2,0.735,0.206,0.1667,0.0,0.0,19.8,9.2,1018.2,0.261,8.9,202.0,17.2,0.9,52365,1
2023-05-04,5299.0,85.0,07030,54.6,48.0,50.9,54.6,45.3,50.1,44.1,0.777,0.048,0.375,0.0,0.0,30.0,8.4,1010.5,0.974,9.8,89.3,7.9,0.5,50648,1
2023-05-27,1867.0,77.0,07310,77.2,58.7,66.9,77.2,58.7,66.9,41.3,0.407,0.0,0.0,0.0,0.0,36.7,8.7,1025.8,0.054,9.9,312.8,27.0,0.9,53238,0
2023-07-23,1723.0,116.0,07310,89.3,71.9,79.4,88.8,71.9,79.4,60.7,0.54,0.0,0.0,0.0,0.0,41.4,7.8,1014.1,0.132,9.9,281.0,24.2,1.0,52571,0
2022-12-09,403.0,61.0,07030,45.2,35.8,39.4,41.6,28.4,34.2,22.5,0.515,0.0,0.0,0.0,0.0,21.9,11.3,1025.1,0.009,9.9,101.7,8.8,0.5,33590,1
2023-10-04,1222.0,107.0,07030,81.8,65.5,72.3,83.5,65.5,72.5,62.0,0.7120000000000001,0.0,0.0,0.0,0.0,36.9,6.1,1022.0,0.017,9.4,204.3,17.7,0.7,41893,1
2023-01-09,239.0,24.0,07302,45.2,37.5,40.3,40.4,33.3,37.0,27.6,0.622,0.008,0.0833,0.0,0.0,24.2,11.6,1014.3,0.483,9.5,97.0,8.2,0.5,34002,1
2023-07-03,1412.0,94.0,07310,87.9,73.9,80.3,93.2,73.9,82.5,69.8,0.7190000000000001,0.151,0.2082999999999999,0.0,0.0,36.9,8.8,1010.0,0.4,9.5,229.8,19.8,0.9,54077,1
2023-03-03,248.0,41.0,07310,46.1,37.6,41.2,46.1,32.2,37.0,27.4,0.591,0.071,0.1667,0.0,0.0,35.6,17.5,1015.2,0.42,9.8,112.6,9.7,0.6,40933,1
